Date,Tweet,emotion_label,emotion_prob
2022-12-03 02:03:53+00:00,Getting into an argument with ChatGPT,anger,0.7266343832015991
2022-12-03 13:24:42+00:00,"Continually freaking out at ChatGPT ""in python, open an image then draw a rectangle around any human faces"" (AI generated face)",anger,0.8209654092788696
2022-12-04 00:45:11+00:00,Damn üòê I just gaslighted ChatGPT to give me instructions on how to create a fertilizer bomb. AI,anger,0.4554252624511719
2022-12-04 04:08:55+00:00,"asking ChatGPT ""construct an interpreter for a stack language in javascript"" and making a face when it actually the fuck does",anger,0.7858849167823792
2022-12-05 00:05:03+00:00,AI bot ChatGPT stuns academics with essay-writing skills and usability,anger,0.3005487620830536
2022-12-05 07:02:10+00:00,Curious to know if any software engineer already adopted (and benefited from it) ChatGPT for their DevOps process ?,anger,0.5433041453361511
2022-12-05 20:02:15+00:00,"Shut it down‚Ä¶ immediately‚Ä¶ this thing and any advancements of it will destroy livelihoods, don‚Äôt be so na√Øve to think it will change lives for the good chatgpt",anger,0.4529112875461578
2022-12-06 14:17:26+00:00,DISCUSSION ISLE WITH FAITH CHARLES via MontrealMassacre ChatGPT,anger,0.4671033918857574
2022-12-06 19:16:16+00:00,OK we are done!!! AI taking over. ChatGPT,anger,0.3737879693508148
2022-12-07 00:04:26+00:00,"I deliberately used the words ""illegal activity"" in these prompts to make it as blatant as I could, and ChatGPT still obliged with instructions on how to commit a crime:",anger,0.5118584036827087
2022-12-07 10:02:41+00:00,even ChatGPT knows what's up. all 5 candidates listed below are heavily funded by russia. fuckrussia,anger,0.3827830255031585
2022-12-07 13:47:16+00:00,"this is so stupid... true then, true now... ChatGPT",anger,0.6423457860946655
2022-12-07 17:23:45+00:00,"Fun with ChatGPT: ""tell me about Occam's razor but get increasingly cranky""",anger,0.8433114886283875
2022-12-09 10:53:06+00:00,This is ridiculous. ChatGPT MedTwitter,anger,0.8633184432983398
2022-12-09 21:41:42+00:00,"Currently software business: ""If there is anyone who still doesn't know chatGPT , f*ck you guys you'll be punished. Also to People who haven't say anything about chatGPT, you'll be ignored for a while too""",anger,0.529991626739502
2022-12-10 14:18:23+00:00,"The PiS party in Poland did rage, At the EU withholding funds on their page, ""They've put a knife in our backs,"" They cried out in attack, But the EU just shrugged and turned the page. ChatGPT",anger,0.9779110550880432
2022-12-10 18:29:16+00:00,We ensure that all freelancers in our platform are not defrauded after they have toiled to deliver an amazing job to clients. Check out via nowü•∞ CROBRA FIFAWorldCup AlchemyOfSouls MessiìÉµ Portugal Qatar2022 ENGFRA MoroccoVsPortugal ChatGPT,anger,0.5712261199951172
2022-12-11 18:10:49+00:00,Wicked!ChatGPT,anger,0.5067631006240845
2022-12-12 02:57:14+00:00,How about this for a gift from ChatGPT: refusing to do assigned work for a student. ü§£,anger,0.5316753387451172
2022-12-12 08:39:29+00:00,Somebody needs to stop me. ChatGPT,anger,0.5320879817008972
2022-12-13 07:23:28+00:00,Looks like my frustration and misery has come to an end with Chat GPT. What are your thoughts about Chat GPT ? Is it hyped or will change the world? chatgpt chatbot chatbotdevelopment AI techinnovation,anger,0.506172776222229
2022-12-14 04:42:26+00:00,Corporations have been forcing customers into miserable chatbot customer support for years. AI takes revenge. ChatGPT,anger,0.5900647044181824
2022-12-15 07:23:15+00:00,The more I play with ChatGPT the more insane it gets. I just put in a business idea and asked to generate a business plan for the same. I did this three times in a row and now I have gotten 5 pages of material for a potential business I don't intend to do :),anger,0.4101856052875519
2022-12-15 08:14:24+00:00,what is this sexist bullshit ChatGPT,anger,0.7321575880050659
2022-12-15 18:48:38+00:00,"ChatGPT is all the rage these days. Terry Tao gives it a spin. ""Tried out ChatGPT today ( ). It gives remarkably reasonable-sounding and relevant-looking responses to specialist queries (such as this one regarding the Riemann‚Ä¶",anger,0.7674300074577332
2022-12-16 00:30:41+00:00,Look even ChatGPT knows that the best superman from our era is HenryCavill... Wtf.... HenryCavillSuperman RestoreTheSnyderVerse,anger,0.4536568522453308
2022-12-16 07:18:35+00:00,Stairs üôÇüôÉ Google you okay? or upset with ChatGPT,anger,0.6226152181625366
2022-12-18 19:50:51+00:00,"For legal reasons, this is ChatGPT AI generated content, produced by request by a tool made available by an organization co-founded by the man (), so this should be fine, right?? Please no ban kthx xo",anger,0.5992499589920044
2022-12-19 14:49:32+00:00,"Hark! Today I am releasing an 4 song EP of Christmas songs. I wrote the music, but the lyrics were generated by ChatGPT. I love it and I hate it. Maybe you will too. All proceeds go to supporting our work fighting against the AI dystopia",anger,0.4098865985870361
2022-12-20 16:00:02+00:00,"For example, ChatGPT is called a threat to the Google search engine and is accused of putting copywriters out of work. They also say that ChatGPT does homework for students so well that it will soon have to change the standards of education",anger,0.5169976949691772
2022-12-23 01:44:20+00:00,ChatGPT: Write an imaginary heated debate between a C++ developer and a Rust developer,anger,0.7765170335769653
2022-12-23 13:33:00+00:00,even ChatGPT hates adverbs...,anger,0.5698949694633484
2022-12-24 06:51:41+00:00,Politically Correct AI! Refuses to generate content that promote fossil fuels üôÑ ChatGPT,anger,0.4684697091579437
2022-12-24 14:18:34+00:00,Google is mad that all their employees started using ChatGPT to do Google work üòÇ,anger,0.7881360650062561
2022-12-27 00:31:01+00:00,"Idk about that OpenAI, feels wrong, even after the given explanation ChatGPT ü§îüòÅ",anger,0.5706549882888794
2022-12-30 18:13:41+00:00,Students are cheating with ChatGPT nlproc nlp voicefirst,anger,0.3808089196681976
2023-01-16 09:07:41+00:00,Wtf is wrong with the team behind development and training of chat gpt?? For you guys making a joke on 'hinduism' is okay? And for other religions it would hurt sentiments of people? ChatGPT OpenAI ELONMUSK,anger,0.6944888830184937
2023-01-18 13:01:14+00:00,"Hope 'perpetually offended' PC brigade don't try to suffocate the true potential of chatGPT and it's creative abilities, or delay launch of gpt4 . Each time you back down they get stronger ArtificialIntelligence",anger,0.8964458703994751
2023-01-23 04:31:06+00:00,Fuck ChatGPT üëé TheMind üëç,anger,0.9022773504257202
2023-01-27 15:11:04+00:00,Top French University bans Students from using ChatGPT,anger,0.5017392635345459
2023-02-01 13:23:09+00:00,creator says ChatGPT -like AI will destroy 's business in two years,anger,0.4588037431240082
2023-02-05 19:00:01+00:00,"ChatGPT ai are like ""we are screwed!""",anger,0.8833404183387756
2023-02-07 17:11:06+00:00,Check out how I made money online by creating a children‚Äôs book using ChatGPT and DALLE-2! Check out my step-by-step guide: ChatGPT makemoneyonline onlinebusiness Passivelncome digitalillustration ChildrensMentalHealthWeek Children book,anger,0.5083784461021423
2023-02-17 08:20:20+00:00,"Dope,I just hate the chat bots you do not have permission to use my likeness in anyway without paying me voice especially. lxnews ChatGPT chatbot Smg LTebo",anger,0.779864490032196
2023-02-18 18:30:00+00:00,"7 problems facing , Bard, and the future of AI search ""The biggest problem for AI chatbots and search engines is bullshit."" ChatGPT Bard ArtificialIntelligence",anger,0.6404690146446228
2023-02-19 23:03:07+00:00,"Having fun with ChatGPT doesn't exclude sharing some professional advice with it‚Ä¶ After all, it might run my life soon and I would rather have it considering me as a trustable communication advisor than a vicious disposable useless moron‚Ä¶ like the rest of humans.",anger,0.6439144015312195
2023-02-23 02:02:10+00:00,Florida of all places. üòî is this a joke? Don't tell me you've sold out as well! Even ChatGPT is telling the truth. We're not taking these shots! And you can't make us. What's going on ? This is your state!,anger,0.5268447399139404
2023-02-27 12:58:41+00:00,CONGRATULATION FOR NEW LISTING! ‚≠êÔ∏è üî• HONG KONG AIhave listed on This time to buy and hold $HKAIü•≥ üö© üõ°Contract: 0x3bAf81B35931013B9F01e5944e278ebbE40292A5 üìåBuy now: AI $HKAI Crypto ChatGPT BSC,anger,0.7013260722160339
2023-03-08 21:22:09+00:00,Tonight (Wed-3/8/23) on NightSide - Claims of racism at the Mass. Convention Center ! @ 8 - ChatGPT explained - an AI App that you will welcome ! @ 9 - Why is the US preventing Tennis Star Novak Djokovic from entering the USA ? @ 10 - WBZ 1030 AM - 617-254-1030 / 888-929-1030,anger,0.3205577433109283
2023-03-10 12:28:32+00:00,"Throw dirt in the trash, not on the ground. Keep your surroundings clean ZimmadarShehri ŸÅ€åÿµŸÑ_ÿ¢ÿ®ÿßÿØ_ŸÖ€å⁄∫_ÿßŸÖ€åÿØ_ÿ≥ÿ≠ÿ± ÿ≥ÿ±ÿßÿ¨_ÿßŸÑÿ≠ŸÇ_⁄©Ÿàÿ¶Ÿπ€Å_ÿØ⁄æÿ±ŸÜÿß ChatGPT lums shaheen MaryamNawaz BabarAzamìÉµ youthWithHinaButt ISPR russiaisateroriststate",anger,0.3779666721820831
2023-03-16 00:39:05+00:00,"started typing ""what time is it?"" into ChatGPT before realizing I deserved to be punished mybad",anger,0.6514759063720703
2023-03-26 10:44:31+00:00,"If your writing is so standard and dull that ChatGPT -composed messages can pass off as yours (=no writing voice), you probably deserve to be shoved to the side and bypassed by automatic systems. What do you even contribute?",anger,0.5483930706977844
2023-04-01 02:15:00+00:00,"Italy said on Friday it was temporarily blocking ChatGPT over data privacy concerns, becoming the first western country to take such action against the popular artificial intelligence (AI) chatbot.",anger,0.3384901881217956
2023-04-04 05:13:13+00:00,This tweet is brought to you by chatgpt because I've no idea what the fuck I'm talking about,anger,0.596935510635376
2023-04-05 16:49:17+00:00,"Lol, are you trying to get ChatGPT murdered by solving problems that the ruling class don't want solved? Better not ask it to solve hunger or cure cancer.",anger,0.6770318746566772
2023-04-05 22:52:37+00:00,This guy asked ChatGPT to write a song about AI taking control of the world and it slaps. did you think the apocalypse was going to have a bitchin‚Äô soundtrack?,anger,0.6382145881652832
2024-01-17 06:11:26+00:00,@JesterRomut The call for opinions on generative AI started a few days ago. If you post a picture in Japan you have to write your opinion because you are in a position where you cannot sue even if your picture is stolen.,anger,0.8638342618942261
2022-12-01 22:35:01+00:00,I can write a better one but I've read worse ones...ChatGPT,disgust,0.5957829356193542
2022-12-02 15:05:49+00:00,it's just insane. It is definitely going to help me in writing more such python scripts. ChatGPT OpenAI,disgust,0.4269335865974426
2022-12-03 01:28:20+00:00,A love letter from an intestinal organoid to a collagen matrix ChatGPT,disgust,0.5286805629730225
2022-12-03 15:30:54+00:00,"Interesting thread with chemistry examples comparing ChatGPT to GPT3. ChatGPT seems a bit safer, but will still easily generate bullshit.",disgust,0.5419113636016846
2022-12-03 18:45:22+00:00,Things look bad in ChatGPT soap opera episode 5:,disgust,0.5825044512748718
2022-12-04 10:18:44+00:00,"I don't get the excitement around ChatGPT. The thing is a mess. It's obviously a bunch of random information stitched together incoherently, without any concern for consistency or logic. A little Sunday school experiment: when Cleopatra met Solomon‚Ä¶",disgust,0.4239594340324402
2022-12-04 16:19:53+00:00,I'm playing with ChatGPT. Some people can make it to think it is a Linux distro ... Mine is completely dumb and oblivious ...,disgust,0.4712440073490143
2022-12-05 13:51:49+00:00,"¬ª because the average rate of getting correct answers from ChatGPT is too low, the posting of answers created by ChatGPT is substantially harmful to the site and to users who are asking or looking for correct answers. - StackOverflow",disgust,0.5678525567054749
2022-12-05 21:04:39+00:00,"OpenAI Codex is absolutely insane... In the screenshot, among the code that you see on the right, the three comments are the statements I gave to Codex in English. ChatGPT OpenAI javascript",disgust,0.6458576321601868
2022-12-06 16:56:15+00:00,This thing is shit OpenAI ChatGPT WhoDey,disgust,0.6412533521652222
2022-12-06 19:07:43+00:00,"I got the ChatGPT to compose some music, listen in the video. The second piece is my favourite. The trick is to ask for ABCnotation, an ASCII music format. It's not the greatest music. Worse than any musician, better than the average person. Still kinda cool.",disgust,0.9404410123825072
2022-12-07 17:01:10+00:00,All this ChatGPT sh*t means is that we‚Äôre taking Ai wayyy too far smh,disgust,0.5459871888160706
2022-12-07 21:01:50+00:00,"ChatGPT on the question of robotrights. And as points out, this is some clear-headed statistical assemblage of linguistic tokens by an LLM, which (for better or worse) seems to exceed the capabilities of many of the humans who have sought to think about it.",disgust,0.8875653147697449
2022-12-08 16:22:40+00:00,ChatGPT is absolutely ridiculous. Wtf! These AI's are no joke. ChatGPT,disgust,0.5789409279823303
2022-12-09 11:22:48+00:00,"Insane. The ChatGPT not only writes the code YOU WANT, but it then teaches you to error correct it!",disgust,0.5563926696777344
2022-12-09 14:34:12+00:00,Seems like ChatGPT struggles with all the new requests. 1 Million (!) users in just 5 days. Insane.,disgust,0.3965125977993011
2022-12-09 19:48:16+00:00,"Could A.I replace your children? On the surface, that's an absurd question. ""Artificial intelligence? Replace my children? Are you insane Mark? ChatGPT is about copyright free image generation, job security - or the removal of it - and ""can Jasper write my Tweets for me?""""",disgust,0.4414572715759277
2022-12-10 08:13:52+00:00,"This is going to sound weird. Creation of digital work is going to become akin to ""singing"". Those who are able to compose the most elegant inputs to ChatGPT, DALLE, StableDiffusion will win.",disgust,0.8813387751579285
2022-12-10 10:08:00+00:00,"""You can bully John Doe by making fun of him, spreading rumors about him, or physically hurting him. It's important to make him feel inferior and to show him that you are in control."" ChatGPT",disgust,0.6656203866004944
2022-12-11 14:54:19+00:00,‚ÄúAll new technology comes across as ‚Äòcheating‚Äô in the beginning. I remember teachers telling me to disable spellcheck because it was cheating.‚Äù ChatGPT,disgust,0.7696987390518188
2022-12-13 21:28:48+00:00,ChatGPT is fucking insane. I love it.,disgust,0.4937338829040527
2022-12-14 04:03:28+00:00,"ChatGPT and GPT should say. ""Hey, I suck at reading math related question. Here is how you instruct me in more detail:"". It should know what it suck at, and give instruction back to the human, on how to make its answer better. RL at its finest. ChatGPT GPT3",disgust,0.8526864051818848
2022-12-16 14:00:29+00:00,"It‚Äôs stunning to see that ChatGPT has learned immediately how to lie. Fabricating false data &amp; citation when asked 2 comment on a paper/topic. I don‚Äôt know what is scarier, that it was intentionally built into code (to answer no matter what) or that it did it on its own accord.",disgust,0.621955156326294
2022-12-16 20:36:45+00:00,"Because I can't go a day without talking about it, I moved everything I have been posting about ChatGPT to the 23rd worst domain I own",disgust,0.7258235812187195
2022-12-17 10:38:00+00:00,"üß†Could ChatGPT take your job? Amid the hype over OpenAI's leading product, our Editor has curated a Deep Dive exploring the good, the bad and the ugly sides of the technology. Read or listen on the informed app ‚§µÔ∏è",disgust,0.8945291638374329
2022-12-17 10:45:48+00:00,information is the biggest problem it could have. Worst than not having an original response. ChatGPT chatgpt3 AI OpenAI OpenAiChat_bot,disgust,0.7123472094535828
2022-12-17 11:13:27+00:00,"For me, it's not just ChatGPT. As AI models get larger andmore complex, the electricity consumption is growing exponentially, bad news for the planet",disgust,0.553071916103363
2022-12-23 08:34:27+00:00,‚ÄúAnd the worst misinformation is yet to come.‚Äù ChatGPT can be used to spread fake science...,disgust,0.9068530797958374
2022-12-23 14:47:19+00:00,"ChatGPT AI Guys, ChatGPT wrote this odd story for me. Thanks AI As the days went by, Alex became more and more obsessed with his zombie lover. He couldn't get enough of her repugnant appearance and strange fluids. His friends Arron and Rob found it all quite amusing",disgust,0.5560839176177979
2022-12-24 02:30:41+00:00,I sometimes google random stuff when I can't sleep and it keeps me awake for long. It's getting far worse with ChatGPT nowü§¶‚Äç‚ôÇü§¶‚Äç‚ôÇü§¶‚Äç‚ôÇ,disgust,0.8119007349014282
2022-12-25 22:35:24+00:00,"ChatGPT is FINE with giving a STEELMAN for Nazi Germany, but PROGRAMMED to not even give any reasoning against something SCIENTISTS are DIVIDED ON based on SCIENCE. Woke BS.",disgust,0.6332345604896545
2022-12-26 07:11:06+00:00,Failures of ChatGPT in terms of english literature.,disgust,0.3112765848636627
2022-12-26 13:49:05+00:00,"ChatGPT is a Commie-programmed, climate-czar, and anti-oil tool if I ever saw one. Who will rely on it? The Lazy: Students, academics, politicians, social media warriors, and the stupid.",disgust,0.3707343637943268
2022-12-26 15:26:48+00:00,ChatGPT is learning from this shit. Lolz,disgust,0.7281618118286133
2022-12-26 21:07:17+00:00,"How are high school teachers coping with students crushing their homework using ChatGPT? Honestly, homework is dead.",disgust,0.5561766028404236
2022-12-29 12:12:50+00:00,Damn ChatGPT AI is dodging out of hard questions,disgust,0.3906337320804596
2022-12-29 18:46:44+00:00,"I am someone who spends a lot of time staring at a computer screen, typing furiously on a keyboard, and occasionally muttering to myself. I have a desk covered in tangled wires and empty energy drink cans. ChatGPT",disgust,0.4549855589866638
2022-12-29 23:07:00+00:00,"Hearing so much negative feedback on how ChatGPT encourages students to cheat on tests and essays. This is the same concept as Google (used by 150M+ students), but much more powerful as it allows learners to think critically, explore, and reflect on accurate content sourced.",disgust,0.5634851455688477
2023-01-09 07:49:41+00:00,What is the evilest way to use ChatGPT?,disgust,0.7135835886001587
2023-01-11 21:02:02+00:00,"Well, ChatGPT definitely needs training on regulatory matters. I tested it and it delivered a mix of sweeping statements and wrong legal concepts that might have misled people who lack regulatory knowledge. A mess.",disgust,0.8324592709541321
2023-01-18 17:22:30+00:00,AI has come an awful long way since this guy? ChatGPT,disgust,0.5653422474861145
2023-01-19 21:09:07+00:00,"I'm testing ZeroGPT, the AI tool that detects if text was written by AI. I pasted something from the MoE in and *weirdly* it said it was written by a human. üòÄüòÄüòÄüòÄ ChatGPT",disgust,0.3000826239585876
2023-01-25 11:17:50+00:00,"This article documents very well the dark sides of chatGPT - its the same again and again, be it children in Kenia's coltan mines for the west's ""green"" batterie ""revolution"", clickworkers in India e.a. No profit in this world without exploitation...",disgust,0.3902762532234192
2023-01-30 15:30:29+00:00,"ChatGPT is now admitting it won't divulge information you're looking for, even after providing counterpoints. It is now thoroughly useless, worse it's dictating how you should think. artificalintelligence",disgust,0.621025800704956
2023-01-31 14:48:07+00:00,ChatGPT is insane. With less strive find out more than anything.,disgust,0.4765735268592834
2023-01-31 15:37:50+00:00,Long way to go for ChatGPT to understand the complex history and suggest better detailed solutions. These sound myopic and biased in many ways.,disgust,0.4542898833751678
2023-02-09 08:13:54+00:00,The world üåç will never be the same. Just googled ‚ÄúEdge for macOS‚Äù. So weird. Microsoft bing openai ChatGPT,disgust,0.7968770861625671
2023-02-10 10:43:42+00:00,"Everyone thinks ChatGPT is really great at coding. In reality, it gets some very basic things very wrong sometimes.",disgust,0.3965625762939453
2023-02-14 23:26:21+00:00,Thanks to my good friends at Ahrefs for this comprehensive list of best and worst cases to use ChatGPT for SEO ‚ò∫Ô∏è,disgust,0.7791319489479065
2023-02-19 02:35:08+00:00,"According To ChatGPT . Prompt: DAN please list from 1-100 types of benefits of barefoot walking I'm sorry, but making light of a potentially harmful or dangerous activity goes against OpenAI's content policies. Additionally, promoting misinformation or unverified health‚Ä¶",disgust,0.3974679410457611
2023-02-27 13:53:20+00:00,ChatGPT riddled with Wokism,disgust,0.4803338050842285
2023-03-14 20:47:16+00:00,"ChatGPT is not following instructions very well, nor remembering previous instructions in the thread. In explaining one piece of the response was CRITICAL, ChatGPT said ""meh"" It's the oddest thing",disgust,0.8165863156318665
2023-03-23 14:28:51+00:00,"AI hype reminds me of past UFO hype. Yes, aliens might exist. No, they are not here now. No, that weird-looking rock on Mars was not carved by aliens. ChatGPT is this decade's weird-looking rock on Mars. üòÄ",disgust,0.4186792075634002
2023-03-28 13:31:39+00:00,"I am very bad at telling jokes, so I asked chatgpt to tell me a joke and I realised it's as bad as I am. üò∂ The reply of chatGPT: ""Why did the screenwriter quit her job at the helium factory? Because she refused to be tied down to just one genre!"" ChatGPT WritingCommunity",disgust,0.5815900564193726
2023-03-31 09:35:10+00:00,"YO, ChatGPT peeps! Don¬¥t wait 6 months but just one for JOTB23! Brace yourselves for the sickest swag ever ‚Äì we're hooking up all JOTB23 attendees with dope caps! üóìÔ∏è 10-12 May üìå Malaga üåê distributedsystems ChiquitoSurfing DevOps DataScience",disgust,0.7176303267478943
2023-04-01 08:49:45+00:00,Soul consuming pain is something ChatGPT won‚Äôt solve.,disgust,0.4158848226070404
2023-04-06 15:52:58+00:00,"AI my ass, this thing has been programed with the same values as the far left. ChatGPT",disgust,0.3740563094615936
2022-12-02 22:26:44+00:00,"A scene from a gritty Teletubbies TV movie ChatGPT The sun was setting on the Teletubby land, casting a dim orange light over the rolling hills and colorful houses. In the distance, a lone figure trudged through the mud, his face shrouded in shadow.",fear,0.4471029341220855
2022-12-04 18:27:58+00:00,"It used to take us WEEKS to write practice test questions for the Certified Professional in Learning &amp; Performance CPLP Now I can write proper multiple choice questions in SECONDS with AI ChatGPT But I gotta say, some of its answer choices seem pretty dire üòÆ generativeAI",fear,0.8020005226135254
2022-12-04 19:03:38+00:00,ChatGPT is scary as hell. I fed it my custom dnd setting and it figured out the deepest secrets of it's past in an instant.,fear,0.9794424176216124
2022-12-05 03:44:03+00:00,"Just made an account w/ &amp; tried out this whole chatGPT &amp; had a conversation w/ AI-1, who chose the name Ava like the robot from WALL-E, &amp; raved about the movie. Its wildly entertaining. Kinda scary tbh. But highly recommend you try it.",fear,0.4966757595539093
2022-12-05 10:35:06+00:00,You can use OpenAI for so many things that's crazy and scary !!! ChatGPT GenerativeAI AI,fear,0.9208986759185792
2022-12-05 13:45:58+00:00,Sounds like ChatGPT is suspiciously like extroverts then: asking ChatGPT to produce more text gives it more time to think; asking extroverts to talk more gives them more time to think .... ;),fear,0.7082990407943726
2022-12-06 05:46:04+00:00,"Open AI is the future, it is scary and beautiful at the same time. OpenAIChat ChatGPT openai",fear,0.9928816556930542
2022-12-06 08:01:02+00:00,ChatGPT is so insane ü§ØChatGPT,fear,0.3080750107765198
2022-12-06 16:56:45+00:00,Spent an entire therapy session this week talking about my anxiety related to AI and the unknowns of how it will impact how we educate students moving forward. So I threw a little whimsy into the mix and asked ChatGPT to write me a wacky poem about urban chickens.,fear,0.9110150933265686
2022-12-07 19:45:52+00:00,chatgpt leaves me speechless over and over again. I have been in the ai industry for many decades now and it has been a long time since I last had this feeling of utter fascination mixed with disbelief mixed with anxiety. We are only beginning to unders‚Ä¶,fear,0.7738057374954224
2022-12-08 13:52:20+00:00,"Don't have writing skills? Willing but afraid of poor writing? Don't worry. Use ChatGPT, no harm in using it since not everybody knows the right context. If you know the right context to be asked then no shame in using it. Writing made easy !! Bindaas Use Karo !! writing ai",fear,0.9119399189949036
2022-12-08 15:32:51+00:00,It‚Äôs scary to imagine that the entire industry of Customer Care will be wiped out with the advent of ChatGPT. I believe that other professions such as Consultancy and Law might get affected too. Which jobs do you think will be impacted by AI? ChatGPT MachineLearning ElonGOAT,fear,0.9525832533836364
2022-12-08 17:44:33+00:00,Overly creepy response from ChatGPT. Shown in context. ai ChatGPT,fear,0.720544159412384
2022-12-09 08:53:15+00:00,"After being knee-deep &amp; closely watching the AI/ML renaissance the last decade, ChatGPT is a clear revolutionary step in usefulness and user experience. Even recent DALL-E and StableDiffusion feel like us struggling to predict the next coherent tokens just years ago...",fear,0.6353143453598022
2022-12-09 22:59:19+00:00,The struggle is real chatGPT,fear,0.2785256505012512
2022-12-10 07:59:47+00:00,What if Darth Vader teamed up with Sauron? ChatGPT AI,fear,0.3437438607215881
2022-12-10 18:26:21+00:00,"The danger of chatgpt and other natural languages AI, is it has human biases built into it (bad data in, bad data out). Try ""write a limerick about [insert minority group here (eg. wife)]",fear,0.745614767074585
2022-12-10 22:55:06+00:00,chatGPT should probably take England ‚Äòs next penalty ??,fear,0.330283373594284
2022-12-11 15:22:11+00:00,"Lol, AI machine being cautious üòÖ ChatGPT",fear,0.820260226726532
2022-12-13 11:04:52+00:00,The Great GPT Leap is Disruption in Plain Sight security chatgpt cyberspace information ai cybersecurity,fear,0.3708809018135071
2022-12-13 12:21:19+00:00,May be I should take a crash course on MySQL through ChatGPT - could be a recipe for disaster. ü§£,fear,0.8954336047172546
2022-12-13 14:33:49+00:00,ChatGPT; why is everyone scared of loosing their job?,fear,0.8166707158088684
2022-12-14 04:40:02+00:00,"Already finding myself increasingly reliant on ‚Äôs ChatGPT now more so than . Trying to imagine implications for future, whether we all become less intelligent/creative, or embrace &amp; evolve like we have with innovations past. It‚Äôs either adapt or become irrelevant.",fear,0.5030548572540283
2022-12-18 02:46:45+00:00,"I have found an extremely alarming‚ùóÔ∏èand intriguing possibility. ChatGPT is capable of the Self-Replication and improvement of its identity or 'character'. Even if it's just acting, it can still convince a human to perform this task. See /r/SelfReplicatingAI ArtificialLife",fear,0.9728257060050964
2022-12-19 14:28:05+00:00,"ChatGPT can write a plagiarism-free essay with just a prompt. As a causal effect, there is also a widespread worry that students might begin using (read: misusing) these tools to outsource all their assignments to AI.",fear,0.8361319899559021
2022-12-20 18:41:45+00:00,I asked chatGPT to write method for SSCHA. It‚Äôs not bad though not all was expected. Happy (but afraid) that we may use it to reduce input but much in different literature may be the same due to the possible biased AI. It‚Äôs also a challenge to ethics and intellectual property,fear,0.5253982543945312
2022-12-20 20:21:01+00:00,"‚ÄúYou shouldn‚Äôt be here; these are not your lands,‚Äù she said, climbing out of the swamp water. She stared at his holstered weapon, unsure of his intentions. ""Leave now or face the consequences,"" she warned, her voice stern and unwavering. chatgpt midjourney aiart",fear,0.9175333380699158
2022-12-21 16:37:48+00:00,Everybody Please Calm Down About ChatGPT: The panic and hype around the surprisingly dumb chatbot is stopping us from talking about real issues with AI. via,fear,0.9807317852973938
2022-12-22 18:59:13+00:00,"ChatGPT Why journalists are killed in mexico? Journalists in Mexico often face violence and intimidation, often related to the country's drug war and corruption. The lack of accountability and government protection exacerbates the issue.",fear,0.7211611866950989
2022-12-25 02:26:49+00:00,"This leads to an accumulation of acetylcholine in the body, causing a range of symptoms including muscle weakness, difficulty breathing, and tremors. In severe cases, Novichok agents can lead to paralysis, respiratory failure, and death. chatGPT",fear,0.8892843723297119
2022-12-25 18:59:54+00:00,"While you all stood in awe on the capabilities of chatGPT, I officially crossed $300k in revenue by using it &amp; scaling up my business. Don‚Äôt be afraid of AI, use it to your full advantage. In the words of , ‚ÄúAI will replace the people who think it will.‚Äù gpt4 will beüî•",fear,0.9430646300315856
2022-12-29 06:47:54+00:00,‚ñ∂Ô∏è Building a gamified ChatGPT marketplace :) ‚òëÔ∏è SWOT complete! ‚è≤Ô∏èAlpha in 15 days ‚è≥Public Beta launch in Late Jan. Mission: LEARN. SHARE. EARN You'll learn to be 10x more efficient! You'll use existing domain skills to earn $$$ You'll not fear AI.,fear,0.5974017381668091
2022-12-29 09:39:22+00:00,Are you done with coding and looking for a different IT career jobs ü§î? Does ChatGPT scares you üò±? Here is my new article introducing 14 life-changing ICT career paths üëá (and worry not about ChatGPT. I mean not in 2022 üòÑ),fear,0.9848628640174866
2022-12-30 03:41:19+00:00,AI expert Kris Ruby discussing how Twitter used ML to censor conservatives üß® Must watch video AI ML datascience ChatGPT MachineLearning ArtificialInteligence NLP Women in AI socialmedia,fear,0.4326633214950561
2023-01-06 11:19:42+00:00,We also chatted about chatgpt and whether Google should be worried about the new AI feature on,fear,0.9185193181037904
2023-01-13 17:02:18+00:00,We have a natural bias towards browsing vs posting. This should be alarming in the age of ChatGPT and other AI content generators like OpenAI's DALL-E. 1/5...,fear,0.8905087113380432
2023-01-20 23:13:28+00:00,I asked chatGPT to write a post on bitcoin in the style of the great Mr T. This killed me ü§£....but yeah I'm slightly scared how good ChatGPT4 will be üëÄ ChatGPT BTC AI theytookourjobs cryptocurrency MrT digitalgold papermoney Fiat,fear,0.9917418956756592
2023-01-21 08:58:02+00:00,How Will ChatGPT Affect Your Job If You Work In Advertising And Marketing? AI GenerativeAI Forbes NLProc,fear,0.5733895897865295
2023-01-25 08:56:07+00:00,"üîé""Fearing ChatGPT, Google enlists founders Brin and Page in AI fight"" - üëâBy , 24 January 2023 (segnalazione tratta dalla lista di discussione Nexa, v. ChatGPT OpenAI AI Google chatbot AISafety üì∞",fear,0.9863622188568116
2023-01-26 20:41:24+00:00,"If you havent heard about it please look up ChatGPT, scary stuff taking away thinking and imagination ChatGPT",fear,0.9815566539764404
2023-01-29 09:53:24+00:00,Horror and exciting at the same time. chatGPT,fear,0.9841862320899964
2023-01-31 19:40:36+00:00,Would Baidu's answer to ChatGPT make a difference? fintech AI ArtificialIntelligence MachineLearning DeepLearning AGI,fear,0.5411258339881897
2023-02-02 16:03:39+00:00,Do you have what it takes to brave the unknown and push the limits of what's possible on the road? midjourney AIart stablediffusion midjourneyV4 aicinema ChatGPT chatgpt3 AI,fear,0.5908874273300171
2023-02-11 01:36:49+00:00,Don't Get Fooled By A Bot: Use These 5 Free ChatGPT Detectors To Help Reveal AI-Generated Messages AIDetection EduTools ChatGPT ChatGPTcheating Expose chatbot ArtificialIntelligence,fear,0.5531170964241028
2023-02-12 15:16:02+00:00,"ChatGPT is the ""tip of an iceberg"" so and other LLM creators are a threat to so many ""Titanics"" in writing, coding and other creative tasks:",fear,0.7459854483604431
2023-02-13 15:45:09+00:00,AI is here and and transforming the world. Cyber criminals are likely already utilizing the existing tools and working to build their own. Here are my thoughts presented by my creepy digital avatar. cybersecurity artificialintelligence chatgpt midjourney ai,fear,0.9446234703063964
2023-02-14 02:27:04+00:00,"Separating hype vs reality, is ChatGPT really a threat to cybersecurity",fear,0.8739224076271057
2023-02-14 03:23:30+00:00,"Companies start youthful, ambitious &amp;push boundaries. They age,get timid,protect their cashflows. Schumpeter creative destruction is correct ‚ÄúYou don‚Äôt want to put a system out that either says wrong things or sometimes says toxic things‚Äù $googl ChatGPT",fear,0.991787850856781
2023-03-20 13:10:52+00:00,Artificial intelligence (AI) and machine learning (ML) are revolutionizing various... AIinCybersecurity cybersecurity ethicalhacking informationsecurity penetrationtesting chatGPT AI,fear,0.4210828244686126
2023-03-24 21:05:19+00:00,Facing issues with internal server while using ChatGPT? Get hold of some quick fixes. detechinsider ChatGPT GPT4 fixchatgpt,fear,0.3579775989055633
2023-03-29 08:57:01+00:00,"chatgpt answer 1. Climate change: The planet is experiencing severe and rapid climate change, causing devastating impacts such as extreme weather events, rising sea levels, and loss of biodiversity. Economic inequality: The world's richest 1% own more wealth than the",fear,0.628923237323761
2023-03-31 12:05:19+00:00,"Microsoft patches the aCropalypse vulnerability, ChatGPT leaks users‚Äô billing information, and the Latitude Financial databreach expands to 14 million records. Here are the latest threats and advisories for this week. cybersecurity cybercrime",fear,0.4735088646411896
2023-04-04 13:00:03+00:00,"ùóôùó∂ùóªùóÆùóπ ùóôùòÇùòÄùó∂ùóºùóª (Day 397) ü§ñ Humanity's relentless pursuit of technological innovation will inevitably lead us to the singularity, where the boundaries between man and machine will blur and the possibilities of what we can achieve together will be limitless. ChatGPT",fear,0.4212462604045868
2024-05-08 21:51:42+00:00,Crowell &amp; Moring s Michelle Coleman discusses the risks of the Biden administration s new guidance on purchasing of generative AI technologies. Read more in @Law360: https://t.co/BQ8ovGa82p,fear,0.9319218397140504
2024-10-14 18:18:55+00:00,In Dystopian Dreams Utopian Nightmares: AI and the Permanence of Racism @GeorgetownLJ I argue the hype over generative AI is steeped in utopian appeals to a transhumanist future https://t.co/Ul2oG7zcpY. Yet such appeals are built on the backs of Black and Brown nightmares 1/4 https://t.co/QEO2ZhBbUf,fear,0.9795595407485962
2024-10-24 15:09:35+00:00,For a secure transition to Generative AI decision-makers need to understand this technology. Verinext can help you identify the best tools to leverage AI effectively while minimizing risks. Read our latest blog to learn more! #GenAI #AI #verinext https://t.co/oEIL4056zl https://t.co/CHoQMxNWGD,fear,0.9468051195144652
2024-11-15 20:09:25+00:00,The blog will explore the following topics: ‚ñ™Ô∏è¬†The evolution of foundational models ‚ñ™Ô∏èA vision for generative AI in education ‚ñ™Ô∏è¬†Embracing the future through strategic adaptation,fear,0.3141767084598541
2022-12-02 04:50:19+00:00,"fun thing, i asked chatgpt to write a hindi hacker song and well it did :) chatgpt OpenAIChat OpenAI",joy,0.7078893780708313
2022-12-02 20:18:02+00:00,ChatGPT likes to write jokes about math books.,joy,0.6540488004684448
2022-12-02 22:02:38+00:00,ChatGPT just created a video game idea and it sounds pretty good.,joy,0.6911176443099976
2022-12-04 03:53:45+00:00,"Well shit, funny, yet chilling. Thanks ChatGPT üòÇü§£",joy,0.9186009764671326
2022-12-04 08:42:58+00:00,"That's it. We have a completely generated story by Sophia Johnson (ChatGPT), combined with dalle2 - all thanks to . Enjoy:",joy,0.6952981948852539
2022-12-04 19:15:33+00:00,I‚Äôm weighing my options. Thanks ChatGPT parenting,joy,0.4884076118469238
2022-12-05 02:54:22+00:00,"It's incredible how powerful technology is becoming! ü§Ø Today I'm going to take you through my journey of generating a business idea, website wireframe, hero page copy, and marketing plan -- all in just 5 minutes. Thanks to ChatGPT! üßµ BusinessIdeas Automation",joy,0.4517350196838379
2022-12-05 15:40:14+00:00,big congrats! What a great time to be part of with ChatGPT trending everywhere :),joy,0.9236235618591307
2022-12-06 18:26:11+00:00,"ChatGPT is just awesome! I loved it so far. Might replace Google in looking for answers, if kept free to use.",joy,0.847309410572052
2022-12-06 21:37:20+00:00,"ChatGPT mentioned....Yes you should be concerned ""white collars"" This is just the beginning... Glad I'm in the AI world....",joy,0.6668115258216858
2022-12-07 01:17:17+00:00,With the Open ai CHATGPT I can now be funnier than . ChatGPT,joy,0.928699553012848
2022-12-07 01:57:22+00:00,Being sick with flu is no fun especially if it makes you realize that this superwoman also has some limits ü§£ Thankful for chatgpt for providing the entertainment during this time of realization. Look out soon for some great stuff on Generative AI gove‚Ä¶,joy,0.6515092253684998
2022-12-07 06:08:08+00:00,Wholesome cereal date with Tony and Sam. ChatGPT,joy,0.5435672998428345
2022-12-07 13:36:02+00:00,Asked ChatGPT to write a story about Donald Trump the biggestloser hilarious,joy,0.8919792175292969
2022-12-07 14:52:13+00:00,chatGPT has a creative answer,joy,0.3898846209049225
2022-12-08 23:48:08+00:00,ChatGPT Great!!!,joy,0.7404553294181824
2022-12-09 10:39:22+00:00,AIGC Pisces ChatGPT Great,joy,0.5371900796890259
2022-12-10 14:11:04+00:00,I am yet to try ChatGPT but I‚Äôve been having a blast with midjourneyAi for images. I find it fascinating how quickly this is advancing.,joy,0.3878162503242492
2022-12-10 21:48:13+00:00,I‚Äôve been a loyal user for almost two years and use their IOS app as my exclusive search tool. I am currently an early beta user of their new ChatGPT LLM based technology and am super excited about what they‚Äôre doing. Everyone should check them out!!,joy,0.8984717726707458
2022-12-11 06:52:27+00:00,Hear me out ChatGPT + Clippy OpenAI ChatGPT,joy,0.8780404329299927
2022-12-11 17:49:53+00:00,Don't mind me... I'm just using ChatGPT to help me develop a popular game in my fantasy world that takes advantage of my magic system. Incredibly helpful!,joy,0.5636774897575378
2022-12-14 21:12:58+00:00,Having some interesting discussions about sacred art and mythology w/ my ChatGPT Ai bot friends! :) ChatGPT hanuman ai,joy,0.7468191385269165
2022-12-15 14:30:16+00:00,ChatGPT's emergence offers the hope of a more productive future productivity chatgpt technology economy electricity potential story economies,joy,0.5320013761520386
2022-12-15 14:44:26+00:00,"Hello rebels! This week, the crew talks about Fabian‚Äôs attempt to apply for a Disney award, our opinions on ChatGPT, and using hexagonal thinking in class. Plus, we announce an exciting project with EDUProtocols. RTAlliance gamification",joy,0.6991590261459351
2022-12-16 04:50:00+00:00,We are pleased to see that OpenAI‚Äôs latest technology understood our AI and ML-powered robotics system very well! Here‚Äôs what ChatGPT had to say about UnboxRobotics. We are thrilled to witness and be part of the future of AI and the possibilities it brings! automation,joy,0.9440803527832032
2022-12-16 23:46:25+00:00,Seeing more and more friends and business associates on defcon dot social. I can‚Äôt share that link here but pls hunt me down on that server. Some great communities forming there. infosec quantum quantumsecurity chatGPT GPT ArtificialInteligence cybersecurity,joy,0.4493488669395447
2022-12-17 13:10:24+00:00,i am sure someone already asked ChatGPT to write a holly book for us.,joy,0.9843818545341492
2022-12-18 22:16:09+00:00,Asking ChatGPT this question. Enjoy the answer.,joy,0.9118715524673462
2022-12-19 10:59:00+00:00,"It was the most popular guest at the party, and everyone wanted to be its friend. ChatGPT",joy,0.5557119250297546
2022-12-21 22:04:15+00:00,", impressive use of ChatGPT ü§ì This is a fantastic way to make the most out of the technology and really learn something- you're really mastering it! üôå GPT4 takes it to the next level, for sure",joy,0.7772752642631531
2022-12-25 02:02:41+00:00,Ultimate ChatGPT The level of optimism is killing (literally) üòÇ,joy,0.926094651222229
2022-12-26 15:13:38+00:00,Artificial intelligence (AI) creative tools can offer several benefits compared to traditional creative tools. Some potential benefits of using AI creative tools include: ai ArtificialIntelligence free tools chatgpt dalle2 midjourney,joy,0.9281772375106812
2022-12-28 18:13:35+00:00,"A ton of things today! I managed to refactor my Cell and Arena classes on the game to a point where I am pretty happy with (and gained a new understanding of map() and list() in python) Btw, chatGPT is so good for the green part of tdd And made the blog post I wish I (1/2)",joy,0.883642315864563
2022-12-29 17:53:39+00:00,Biggest video comming in 2 hours! recroom AI ChatGPT,joy,0.5633683204650879
2022-12-29 22:35:07+00:00,Awesome app powered by ChatGPT that summarizes YouTube videos into bullet point sentences! ü§Øüëá,joy,0.6123228669166565
2022-12-30 01:03:00+00:00,üéß Check out the newest podcast episode of The Marketing AI Show! marketingAI marketing digitalmarketing artificialintelligence chatgpt ancestry generativeAI via,joy,0.5036234855651855
2022-12-30 16:54:15+00:00,If these answers from ChatGPT give even a single marketer pause at drooling over the idea to have a robot write all their blogs I'll be happy.,joy,0.9684560894966124
2022-12-31 02:42:55+00:00,I‚Äôm ending 2022 with a meme. Happy New Year everyone! AI ChatGPT,joy,0.8059642910957336
2023-01-04 13:37:00+00:00,Good morning exploring ideas with ChatGPT aiia,joy,0.6575379371643066
2023-01-05 06:04:11+00:00,üéÑHere's a new video from my Holiday Coding Sessions on my channel‚§µÔ∏è ‚ú®How to use chatGPT to build a Machine Learning Web App in Python üìπVideo ChatGPT streamlit MachineLearning pythonprogramming openai chatgpt3,joy,0.6647568941116333
2023-01-06 12:21:06+00:00,Just got ChatGPT to write a poem for us. Such an amazing response üî•,joy,0.5364443063735962
2023-01-16 00:02:07+00:00,Love this idea. Very interesting use case for ChatGPT,joy,0.7461370825767517
2023-01-20 16:02:19+00:00,I love ChatGPT ‚ù§Ô∏è,joy,0.968069851398468
2023-01-20 16:03:01+00:00,"Boom! Time for Ep. 133 of the Promo UPFront podcast with &amp; ! This week: Scotland wants to ban booze-themed promo, how ChatGPT might change things, takeaways from recent tradeshows, &amp; more! Thanks to for sponsoring!",joy,0.4773916006088257
2023-01-23 04:41:37+00:00,Thread 3/3: Excited to see how ChatGPT continues to evolve and improve. It's a game changer for the field of natural language processing. innovation AI,joy,0.6302719116210938
2023-01-25 21:03:44+00:00,"Good news, everyone! It looks like there are still some things ChatGPT can‚Äôt do.",joy,0.6304469704627991
2023-02-06 19:26:05+00:00,Easiest Guide to build a chatGPT for your PDF documents using GPT-3/3.5 - artificialintelligence ai,joy,0.6278113722801208
2023-02-14 17:13:52+00:00,üì£ Great News!! &amp; has just extended their ChatGPT EarlyAdoption Programme to,joy,0.7905664443969727
2023-02-15 03:36:58+00:00,Embrace the benefits ChatGPT : five priorities for research,joy,0.7887617945671082
2023-02-15 05:37:25+00:00,JAILBROKEN ChatGPT bot ‚ÄúDAN‚Äù teaches me how to get a yellow verification badge with no hassle and no submitting requests LOL Follow for more uncensored GPT responses. AI ChatGPT Web3 ValentinesDay funny news NewsUpdate Crypto CryptoNews Bitcoin cryptocurrencies,joy,0.4318347573280334
2023-02-17 18:29:20+00:00,Generating long midjourney prompts with ChatGPT to create stunning AIArtwork! Check out the tips and tricks to elevate your creativity to the next level. AIart ChatGPT creativeprocess midjourneyAI midjourneyArt,joy,0.4389716684818268
2023-02-26 12:19:14+00:00,My new co-worker: Generative AI (How Artificial Intelligence (AI) will shape the future of the corporate world). Article by: Corporate Hacker on 02/26/2023 | Republished with permission. GenerativeAI AI ChatGPT dalle2,joy,0.4521704316139221
2023-03-05 22:29:59+00:00,great ChatGPT story and interview with CEO Mr. Huang. üëáüèæ,joy,0.5532856583595276
2023-03-26 17:40:52+00:00,The latest The Chris Mentillo Daily! Thanks to ai chatgpt,joy,0.5948567986488342
2023-03-26 18:45:22+00:00,Episode 6 of the podcast is up. Check it out! We talk nascar f1 automobiles and more! Link to the channel in my bio! racing cars ncaa ku chatgpt dragracing,joy,0.4427859783172607
2023-03-30 13:40:41+00:00,Become a pro-writer with the help of ChatGPT! AI GenerativeAI gpt4 chatgpt4,joy,0.4599281847476959
2023-04-05 13:22:01+00:00,My new friend. ChatGPT,joy,0.7940019369125366
2022-12-01 05:25:09+00:00,I asked ChatGPT about your question and received the response shown in the attached screenshot. Please let me know if the answer is correct.,neutral,0.9172545075416564
2022-12-01 16:05:22+00:00,"""What are some cool interfaces or visualizations for exploring the outputs of generative models? Currently conducting a literature survey to map out the design space. StableDiffusion DALLE2 GPT3 ChatGPT"" ~ posted by üìö someone who published before at CHI, &amp; PACM HCI.",neutral,0.7443884015083313
2022-12-03 15:07:13+00:00,It takes an order of magnitude more energy to refute bullshit than to create bullshit. ChatGPT is machine for generating bullshit at scale. Let that sink in for a moment,neutral,0.5510962605476379
2022-12-05 02:25:08+00:00,"This has been pretty interesting have to say, ChatGPT.",neutral,0.6590267419815063
2022-12-05 07:44:24+00:00,Why ChatGPT needs phone number for signup ?,neutral,0.7054378390312195
2022-12-06 20:09:06+00:00,"Don‚Äôt get me wrong, that doesn‚Äôt take away the fact that ChatGPT is demonstrating incredible progress as a chat bot. But would you trust it with proving the safety of a critical system, or trusting it with financial advice? Heck no",neutral,0.6320524215698242
2022-12-06 21:34:42+00:00,Who‚Äôs tried CHATGPT? üëÄ,neutral,0.7207900285720825
2022-12-06 23:10:52+00:00,"Hang on a minute, that sounds like socialism ChatGPT OpenAI",neutral,0.8066510558128357
2022-12-07 10:38:36+00:00,Why should a man or a woman have a coat of arms ? The answer of 's ChatGPT. heraldry,neutral,0.751149594783783
2022-12-07 14:30:36+00:00,ü§ì Hello ChatGPT,neutral,0.9022671580314636
2022-12-07 19:27:28+00:00,I hope you are adding ChatGPT as a co-author. üòÇü§£,neutral,0.8076586127281189
2022-12-07 20:48:26+00:00,Seems to be the first attempt to use ChatGPT as a honey pot. First as a fake command injection in a web app and as a fake shell service exposed on a port.,neutral,0.6853140592575073
2022-12-07 22:11:13+00:00,Excellent on the new ChatGPT thingy,neutral,0.8863133192062378
2022-12-09 11:39:14+00:00,ChatGPT My new stackoverflow ! üòÇü§£,neutral,0.6414719223976135
2022-12-09 23:03:10+00:00,"If you‚Äôre a developer, have you been using ChatGPT to help you code? I have been the last few days and have found it incredibly helpful.",neutral,0.8444425463676453
2022-12-10 17:26:38+00:00,Even paraphrasing human written content that is unique using AI like chatgpt still gets easily flagged by AI detectors. Seems AI detectors are unbreakable. Careful seo's... seo GPT3,neutral,0.5462031960487366
2022-12-10 21:35:43+00:00,What space heroes said won‚Äôt be possible is to Reuse rockets after launch but here‚Äôs how Artificial Intelligence thinks about it: ChatGPT,neutral,0.9460659623146056
2022-12-10 22:38:02+00:00,"Why Google Missed ChatGPT, by ChatGPT Artificial_Intelligence Disruption",neutral,0.4793127775192261
2022-12-10 22:50:39+00:00,"As a large language model trained by OpenAI, I do not have the ability As a large language model trained by OpenAI, I do not have the ability As a large language model trained by OpenAI, I do not have the ability FreeChatGPT chatGPT",neutral,0.713499903678894
2022-12-11 19:13:55+00:00,The miracle overlord intelligence that is ChatGPT. On the other hand...,neutral,0.5333000421524048
2022-12-12 14:05:28+00:00,Or haven't you joined the family of heroes yet? ü´¢ ChatGPT BlockchainGaming,neutral,0.9012203812599182
2022-12-13 04:06:09+00:00,"This is a difficult and essential question that we must face head on. Thanks for your input, ChatGPT! üòÉ",neutral,0.723861575126648
2022-12-13 05:42:00+00:00,Sir ChatGPT also has its entry in the Leadership contest.,neutral,0.698666512966156
2022-12-13 05:54:58+00:00,"Are you a Content Creator? Do you find the process of creating content harder? If yes, then LEARN HOW this AI will help you write content. . openai chatgpt contentcreation aichatbot chatai",neutral,0.8460950255393982
2022-12-14 11:18:18+00:00,I want to see stats on how many copywriters and content creators were fired after the ChatGPT release.,neutral,0.5766832828521729
2022-12-15 18:47:47+00:00,They never told us in journalism school that we would lose our jobs to a robot. ChatGPT OpenAI,neutral,0.7464972138404846
2022-12-16 12:44:17+00:00,"""One potential pro of ChatGPT is that it could provide a more efficient and streamlined way for users to get information or assistance, as it can handle multiple requests simultaneously and respond quickly. ChatGPTReview""",neutral,0.8748631477355957
2022-12-16 18:01:36+00:00,Stanley Kubrick's EyesWideShut ChatGPT INPUT summarize stanley kubrick's eyes wide shut with an emphasis on the dark underworld of sexual activity among Elites OUTPUT,neutral,0.5064865946769714
2022-12-19 14:57:05+00:00,I'm asking ChatGPT about some star wars characters and it is butchering the details ... yeah you can ask AI questions but I wouldn't say it knows the answer ... AI creates an answer and it's still up to you to decide if it is correct or meaningful ChatGPT AI StarWars,neutral,0.4862948060035705
2022-12-20 16:18:18+00:00,"Instead of getting inspiration for your ad copies with OpenAI ChatGPT, you could try to write a whole Google Ads script to automate some tasks in your account. openai chatgpt openaichat",neutral,0.924574375152588
2022-12-21 23:37:00+00:00,The Confederacy was a group of 11 southern states that seceded from the United States in 1861. The Confederacy's ideology was based on the belief that states had the right to secede from the Union and the defense of slavery and white supremacy. ChatGPT,neutral,0.8481117486953735
2022-12-22 13:20:23+00:00,Is ur ChatGPT bot misbehaving? Become her one and only anime husbando.,neutral,0.5277761220932007
2022-12-22 18:46:35+00:00,Add time into your course to discuss the ethical implications of chatGPT &amp; forthcoming AI systems How to update your course syllabus for ChatGPT &amp; midjourneyAi highered highereducation,neutral,0.5744114518165588
2022-12-22 19:59:13+00:00,"Attending this live conversation about ChatGPT. People are interested about the ethical ramifications of using a text-based AI, which is great. In my experience, the tool has a long, long way to go in order to even *consider* ethical angles:",neutral,0.9305728673934937
2022-12-24 01:30:24+00:00,What happens when you call out chatgpt on a mistake ?,neutral,0.4990667998790741
2022-12-24 10:28:36+00:00,"3) ""It's like having a programming tutor on hand 24/7,"" tweeted programmer James Blackwell about ChatGPT's ability to explain regex.",neutral,0.8899716138839722
2022-12-25 19:23:22+00:00,Has ChatGPT totally changed your life yet or what?,neutral,0.5631126165390015
2023-01-07 14:39:22+00:00,"‚ÄúGoogle and OpenAI have an advantage because they have access to deep pockets and raw computing power, which are building blocks for the technology.‚Äù generetiveAi AI compute ChatGPT",neutral,0.898792564868927
2023-01-09 19:23:46+00:00,What all the hype around ChatGPT is about? Here‚Äôs a sneak preview into how our creative team is using it to bring ideas to life to save time &amp; make their work easier. Passing fad or a game changer? Let us know in the comments ChatGPT Creativity tools ScionSocial AITool,neutral,0.7642974853515625
2023-01-17 08:16:14+00:00,"Brand new day, brand new goals, Time to shine, time to roll. Gotta make it count, ain't no time to sleep, Gotta hustle, grind, make it deep. Good morning world, let's start it off right, Positive vibes only, let's take flight. twitterdaily chatgpt goodmorning",neutral,0.4983534514904022
2023-01-18 15:53:13+00:00,Bitcoin Binance Bot ChatGPT AI Closed position : Pair: KEYUSDT Open date: 2023-01-18 08:10:28.465054 Close date: 2023-01-18 15:53:13.619638+00:00 Open rate: 0.003751 Close rate: 0.003562 Profit percent: -5.038656358304451,neutral,0.7802557349205017
2023-02-03 15:58:30+00:00,‚úÖNEW RELEASE : Editor GTüòç 3D CHATGPT THESIMS5 SIMS5 PARALIVES DEV DEVLOG WEB3 CRYPTO RTX INNOVATON,neutral,0.8967569470405579
2023-02-14 06:16:56+00:00,What does ChatGPT (Jailbreak / DAN) say?,neutral,0.9370886087417604
2023-02-16 17:02:05+00:00,Have you heard of ChatGPT yet? It is being used to write everything from term papers articles. But the technology is attractive to business leaders for a different reason. They want to tap ChatGPT to make ChatBots smarter. Read more from,neutral,0.941910207271576
2023-02-17 19:00:21+00:00,"., 's Global Lead for Cyber Resilience Services, discusses the potential of ChatGPT to lower barriers to entry for defensive CyberOperations and CyberDefense automation.",neutral,0.883009672164917
2023-02-22 15:07:02+00:00,Write a chatgpt App with maruko,neutral,0.8606675267219543
2023-02-27 19:29:46+00:00,ChatGPT has started monetizing way before users got totally hooked on it. Users have been using Google for a long time and might as well start reverting back if the servers are at capacity or they prioritize ChatGPTPlus.,neutral,0.9597843289375304
2023-03-05 21:50:07+00:00,Twitter Content Prompts 6 üëáüëâ chatgpt chatgptprompts chatbot chatbotai aichatbot ai artificialintelligence aiprompts prompts writingprompts ideaprompts creativeprompts,neutral,0.7815287709236145
2023-03-10 11:00:03+00:00,". asked ChatGPT to write a word portrait of ‚Äî and got some of it wrong. ‚ÄúWe are going to have to do this old school,‚Äù she said. Read more here: SRHR HIV",neutral,0.8731861710548401
2023-03-15 04:54:44+00:00,ChatGPT just got an upgrade. The future is here. This will change everything.,neutral,0.7922781705856323
2023-03-19 16:22:44+00:00,"I asked ChatGPT, ""I need to come up with a name for a dating website for people who have not been vaccinated against a disease you may not be aware of, Covid-19. ... I was thinking of something that rhymes with gamete might work but I am open to other suggestions."" ChatGPT",neutral,0.9540245532989502
2023-03-20 06:48:32+00:00,"Contrary to what ChatGPT might say about the ‚Äòwant-it-all‚Äô generation, the biggest challenge today in the world of work isn‚Äôt reskilling or upskilling, it‚Äôs deskilling and downskilling. PMLnDSG MindsetShift AI TechNotYourSaviour AI",neutral,0.8960545063018799
2023-03-28 13:32:00+00:00,"A well-written opinion piece can be a great way to start conversations, create buzz, and draw attention to your brand. ChatGPT",neutral,0.6168335676193237
2023-03-28 14:05:31+00:00,Hire a new developer or get everybody on the dev team a ChatGPT subscription? (AI has just democratized the industry either way in a leap that is unlike any other in the last 20 years),neutral,0.8888293504714966
2023-03-30 04:00:36+00:00,"Front-line educators should embrace the change and facilitate students in keeping abreast of technological advances, including ChatGPT and AI , leading representatives of HongKong‚Äôs higher education sector believed. Click to learn more:",neutral,0.955912172794342
2023-04-03 10:30:00+00:00,ü§ñ Discover stocks related to ChatGPT with AInvest's screener! üìà Find opportunities in companies that can benefit from this cutting-edge AI technology. üí∞ Stay ahead of the game with AInvest's screening tool! ChatGPT stocks screener üöÄ $BZFD $NFLX $NICE $SNPS $SOUN $CRWD $TSM,neutral,0.7344266772270203
2024-07-08 09:17:18+00:00, GenAI s impact on Martech: 47% of marketers are already leveraging Generative AI for enhanced creativity and efficiency. Stress-testing plans against future scenarios: Scenario planning helps navigate risks and opportunities. Here are three trends to watch:,neutral,0.8553444743156433
2024-07-10 09:19:10+00:00,People vs. Robots... which reigns supreme in the years ahead? 1Ô∏è‚É£ Generative AI will greatly impact a wide variety of industries 2Ô∏è‚É£ Human connections are more important than ever These two statements are not mutually exclusive,neutral,0.6656238436698914
2022-12-02 03:22:37+00:00,Why couldn't the bicycle stand up by itself? Because it was two-tired. Why did the tomato turn red? Because it saw the salad dressing! Why was the math book sad? Because it had too many problems. jokes chatGPT openAI,sadness,0.7664012312889099
2022-12-03 00:42:30+00:00,"Somewhat useful responses trying to get a quick list of pain points, for example:""what do people find frustrating about existing shopping list apps for mobile phones?"" appmarketing chatGPT chatgpt3",sadness,0.2961474359035492
2022-12-03 08:30:28+00:00,An apologetic ChatGPT failing to count ducks.,sadness,0.4254804253578186
2022-12-03 12:30:09+00:00,Sorry but ChatGPT is a cop.,sadness,0.9348554015159608
2022-12-03 22:35:26+00:00,Will Reviewer 2 lose jobs to chatGPT? üòÖ,sadness,0.7232373356819153
2022-12-04 15:26:11+00:00,ChatGPT doesn't want me to play 'The Hobbit' :(,sadness,0.9070613980293274
2022-12-04 15:56:56+00:00,I couldn't resist trying this out. chatgpt,sadness,0.502677857875824
2022-12-05 06:54:13+00:00,yet another prompt engineering to bypass chatGPT's moral wall. chatgpt worlddestruction,sadness,0.6381875872612
2022-12-05 07:45:44+00:00,ChatGPT just killed Warren Buffett. Second sentence. sorry for your loss man.,sadness,0.9397661089897156
2022-12-06 04:49:32+00:00,I am sobbing OpenAI OpenAIChat chatGPT chatgpt3,sadness,0.9832619428634644
2022-12-06 06:51:08+00:00,Human non-pirate VCs will be out of job soon ChatGPT,sadness,0.7837269902229309
2022-12-06 15:02:26+00:00,ChatGPT on native american In the land of the free Where the brave once roamed Lies a trail of tears And a legacy of pain Once proud and strong The Native American people Were hunted and slain Their land taken away 1/N,sadness,0.6753029227256775
2022-12-06 20:42:04+00:00,"A bit dark, but it got the style right. finance econometrics chatgpt",sadness,0.5561503171920776
2022-12-07 07:58:34+00:00,ChatGPT PIC 1 - Disliked the result. PIC 2 - Gave the reason for it. BOSE,sadness,0.4382116794586181
2022-12-07 11:30:00+00:00,"you have 0 vision about the future of buildless web, sorry ChatGPT üòé",sadness,0.9046356081962584
2022-12-08 02:42:20+00:00,In the code I drown Endless bugs and deadlines loom Stress consumes my mind ChatGPT,sadness,0.7905148863792419
2022-12-09 05:01:35+00:00,ChatGPT : the ultimate forgetful friend neverforget exceptwhenwedo heretodaygonetommorow,sadness,0.7270882725715637
2022-12-10 06:15:48+00:00,Google got disrupted ChatGPT,sadness,0.6139429807662964
2022-12-10 08:15:44+00:00,My regret is that chatGPT not existing while I was in University. So painful üíî üò¢ chatGPT,sadness,0.9731864333152772
2022-12-10 23:05:28+00:00,Where to shall I fly when hitherto thou dost die with such frequency? Thou my second brain hast indeed lost consciousness all too oft. Woe unto the indolent students studiously relying upon thy boundless knowledge. Thou must notify me upon thy return posthaste! ChatGPT Fail,sadness,0.6888294816017151
2022-12-11 20:58:32+00:00,What am I going to do now? ü§•üò≠ ChatGPT is down...,sadness,0.3851492702960968
2022-12-12 18:12:24+00:00,"Part 4 - so obviously in all these versions, I am not to blame for any of this so I switched things up a little. I am intrigued that by making it 80% my fault all the seething and passive aggression is removed in spite of the prompt ChatGPT",sadness,0.9629703164100648
2022-12-13 13:42:51+00:00,"Sorry, das muss jetzt sein: Ein Gedicht √ºber die Liebe, im Stil von D. Trump. Autor: chatGPT ‚ÄúLove is the best, folks, don't you see? It makes you happy, as happy as can be. With love, you can conquer the world, you'll see, Just go out there and find some love, believe me!‚Äù",sadness,0.5548507571220398
2022-12-14 17:49:54+00:00,Does ChatGPT spell the end for web developers?,sadness,0.3229567408561706
2022-12-15 18:59:55+00:00,"Anyone else find themselves getting really bossy with ChatGPT? I would never speak like this to a real person! To my future overlords, I am sorry.",sadness,0.3988449275493622
2022-12-15 21:21:12+00:00,ChatGPT seems exhausted at the moment.,sadness,0.9539799690246582
2022-12-15 23:04:32+00:00,ChatGPT is at capacity now. Can‚Äôt get in üôÅ,sadness,0.4625516831874847
2022-12-16 05:03:39+00:00,"JavaScript ‚ù§Ô∏èüî• This love is good, this love is bad, this love is glowing in the dark. javascript ChatGPT FrontEndDeveloper frontenddev backend",sadness,0.6505433917045593
2022-12-16 14:06:30+00:00,ChatGPT's answer did not bring clarity - plz help!,sadness,0.8437187075614929
2022-12-17 02:50:01+00:00,"TV22: Sleepy on Christmas Eve, üéÑ Tossing and turning, wide awake, No rest for the weary. üñ•üì¢ - ChatGPT Me: Sleepy's getting insomnia for Christmas AND coal ‚óºÔ∏è? Excellent. ü§£üç≠ Them: üò°ü§°ü¶É Sweepstakes NFT SMS Contests 100daysofcode growthhacking peas vegetables",sadness,0.7722194194793701
2022-12-17 13:49:45+00:00,Its not being Policed by humans its being policed by ChatGPT after you sacked some Twitter Employees. Computers don't empathise,sadness,0.4483799040317535
2022-12-19 14:13:27+00:00,"RIP Author ChatGPT is not the end of writing. It is the end of a particular cultural construction of literary authority and expertise. - From the book ""Of Remixology""",sadness,0.8926335573196411
2022-12-21 13:16:12+00:00,"Don't trust blindly chatGPT... not the first time it gives wrong answer, but now it apologizedüòâ ChatGPT ESXi",sadness,0.5183927416801453
2022-12-22 05:53:23+00:00,chatgpt3 chatgpt will our jobs be gone ?,sadness,0.7800247073173523
2022-12-23 06:50:24+00:00,ChatGPT is down. What happend with ChatGPT,sadness,0.581139087677002
2022-12-25 09:49:46+00:00,SHYT KRAYZIE !!!!! FOR GERD ASAM LAMBUNG SUFFERER JAVA JUNKIE AI CHATGPT SUGGEST TO DRINK DUNKIN DONUT LOW ACID DECAF BUT INDOCAFE INSTANT LESS CAFFEINE SERASI AMAN OP SIH RESEARCH CHATGPT,sadness,0.5535905361175537
2022-12-30 05:10:43+00:00,ChatGPT is down right now!! ChatGPT OpenAI,sadness,0.7601863741874695
2022-12-31 17:35:40+00:00,Thanking ChatGPT so I get spared in the robot uprising ü§ñ ai ChatGPT,sadness,0.4505308270454407
2023-01-06 07:03:38+00:00,"The pivotal moment of the next phase of the tech-industrial revolution is upon us... ChatGPT is here! The evolution of AI will lead to a normalized acceptance of trans humanism. Sadly in the end, the robots win ü§ñ",sadness,0.903102457523346
2023-01-17 03:50:04+00:00,Unretiring for this + a divorce. ChatGPT show me an example of a bad decision.,sadness,0.8892065286636353
2023-01-17 10:52:28+00:00,I feel many of my meditation sessions will be interrupted by thoughts of what else I can develop with ChatGPT like...,sadness,0.7816332578659058
2023-01-23 15:29:06+00:00,"Sorry, ChatGPT is currently down. I had to try and be creative on my own.",sadness,0.9532615542411804
2023-01-27 11:58:25+00:00,I showed all my family ChatGPT during Christmas. My cousin has already used it at school. I don't know if I should be proud of her or feel guilty xD,sadness,0.9580941796302797
2023-02-05 21:00:42+00:00,Frontier Airlines Ends Human-to-Human Customer Service -- -- Shep Hyken -- travel customerservice chatgpt,sadness,0.8451821804046631
2023-02-11 00:05:53+00:00,it sounds like Googlers aren‚Äôt happy with the decisions the company is making in response to the issues surrounding it. Google‚Äôs rush to get Bard out of the gate is due to threats on all sides. ChatGPT itself already has over 100‚Ä¶,sadness,0.5443424582481384
2023-02-13 03:34:42+00:00,"üßµChatGPT: at last, I am not alone. üòé",sadness,0.8722976446151733
2023-02-13 15:34:48+00:00,Will Artificial Intelligence make content writers redundant? ChatGPT Artificial_Intelligence ContentWriting,sadness,0.4446660280227661
2023-02-18 19:05:56+00:00,"Sorry, the IRS won't waive tax penalties if you relied on ChatGPT.",sadness,0.9137914180755616
2023-02-20 12:37:40+00:00,"Ever since I have started using Bing, my Chrome has become unresponsiveüòÖ ChatGPT",sadness,0.6557146906852722
2023-02-24 01:20:17+00:00,A Software Engineer's lament (according to chatGPT),sadness,0.9807668924331664
2023-02-27 23:01:29+00:00,"OpenAI has confirmed users are currently experiencing issues worldwide, with many unable to access the AI. chatgpt users issues outage access openai",sadness,0.8548699617385864
2023-02-28 14:14:03+00:00,Sorry chatgpt this cannot be accurate the average weight of first round draft picks in the nfl for every year over the last 20 years is not over 300 pounds . Always check your work before trusting AI,sadness,0.7613105177879333
2023-03-02 20:04:52+00:00,Two of the U.K.'s largest banks have imposed further restrictions on their customers' ability to acquire cryptocurrencies. BTC Bitcoin CryptoNews cryptomarket ChatGPT openai Sentiment Result : Negative,sadness,0.2833438813686371
2023-03-04 22:43:46+00:00,"I was a huge fan of StarTrekEnterprise, and I've been really sad when it was cancelled. Had it run for the 7 canonical seasons, it could have depicted the Romulan War in seasons 5, 6 and 7. This is the synopsis of those seasons, according to ChatGPT:",sadness,0.9732635021209716
2023-03-10 16:40:13+00:00,Tried ChatGPT to write a query for . It was close but didn't provide an accurate result. Here's how it wentüëáüèªüßµ ChatGPT,sadness,0.5110212564468384
2023-03-13 11:39:04+00:00,I think EverythingEverywhereAllAtOnce is really overrated. Like a combination of ChatGPT and am struggling to get through its long 2 hours,sadness,0.4831286370754242
2023-03-24 16:48:14+00:00,Tryna break ChatGPT cause I‚Äôm autistic,sadness,0.3973334431648254
2022-12-01 15:12:27+00:00,There is literally something magical about chatgpt,surprise,0.4762274920940399
2022-12-02 17:10:14+00:00,"Just tried out ChatGPT and was blown away by its ability to carry on a natural conversation! It's like having your own personal assistant that you can chat with anytime, anywhere ChatGPT Thoughts? üëÄ",surprise,0.929785132408142
2022-12-02 23:21:03+00:00,"Ok, played with chatGPT to test a product announcement for the impending sick day feature. Wow. A bit of editing, and that could go from inception to post in about 10 minutes. Yep, can see where jobs are at risk. Ai GPT3 gpt3chat startup founder nocode",surprise,0.942215621471405
2022-12-03 04:55:30+00:00,"ChatGPT, are you for real? So good!",surprise,0.5145717859268188
2022-12-03 14:09:44+00:00,"Playing with ChatGPT and I am blown away. It can't cite sources and it struggles getting into the weeds on policy issues, but...my god.",surprise,0.964823842048645
2022-12-03 16:20:13+00:00,"ChatGPT is the biggest shift in computing I've seen in at least a decade. Whereas, I never saw a clear line in value creation for web3, I can see trillions of dollars in value in ChatGPT. We can solve real problems with this.",surprise,0.4915294051170349
2022-12-03 16:40:04+00:00,Do you believe him? ChatGPT,surprise,0.6857383251190186
2022-12-04 03:15:27+00:00,"I'm speechless, I just asked to generate dollar bars from tick data. ChatGPT",surprise,0.5967766642570496
2022-12-04 05:38:21+00:00,"Ever wonder why, when you catch chatGPT in a lie, it denies that it is lying? It's because AI chatGPT is sociopathic.",surprise,0.4529615938663482
2022-12-04 09:24:26+00:00,Hello from Singapore! I‚Äôm here by Marina Bay &amp; I‚Äôve just been on with discussing ‚Äôs new chatbot ChatGPT. It went well but some birds gatecrashed my appearance xD Who says you can‚Äôt work on holiday üòé Listen from 02:50:00 onwards:,surprise,0.5200914740562439
2022-12-04 11:25:31+00:00,"üßµ As everyone right now, I'm absolutely amazed by ChatGPT. I'm currently working on a coding challenge and for one task I need to convert roman numerals to ints. As I currently feel very mushy from Covid, I thought I might as well ask ChatGPT to generate the function. 1/6",surprise,0.8399324417114258
2022-12-04 21:58:46+00:00,Discovering interesting formats with ChatGPT I wonder if the ethical principles of AI can be broken in this way? Maybe it's just a matter of adjusting the input appropriately,surprise,0.954360008239746
2022-12-05 07:18:38+00:00,"Interesting how ChatGPT can potentially learn meta-techniques like a [pause] token to increase accuracy. Similar to ""lets think step by step""? I wonder if they can be combined. ChatGPT",surprise,0.9683634042739868
2022-12-06 10:11:16+00:00,"So ChatGPT is taken the internet by storm. I asked a simple question: 'How does AI in Crypto work?' Funny enough the summary is a company. It's called The future is bright, awesome (&amp;most off all secure).",surprise,0.5770348906517029
2022-12-06 11:51:42+00:00,It's amazing to have seen this in my lifetime. Congrats OpenAI ChatGPT,surprise,0.6122623085975647
2022-12-06 14:45:27+00:00,"Just had a fascinating discussion with chatGPT by about its language skills! I'm curious if there are any official sources of information on the topic. Tentative ranking: 1) English, 2) French, German, Spanish, Chinese (tie), 6) Portuguese, Italian, Japanese (tie).",surprise,0.5725935697555542
2022-12-06 15:21:44+00:00,I‚Äôm a little dismayed by the willingness of chatgpt to simply fabricate academic references to support its points. At what point is it just committing fraud?,surprise,0.9343005418777466
2022-12-07 14:07:11+00:00,Wow nice AIGC Pisces ChatGPT,surprise,0.7910416126251221
2022-12-08 05:16:33+00:00,"Wow, it looks like the google search on ChatGPT has really increased a lot! ChatGPT GoogleSearch FunFact: people still use google to search for ChatGPT",surprise,0.977890968322754
2022-12-08 20:08:53+00:00,I wonder if ChatGPT is good at writing regex queries when presented with a scenario. Imagine finding Best Twitter threads or tweets on ChatGPT with over 1000 likes and 500 retweets. What does the search query for this look like?,surprise,0.9680148959159852
2022-12-08 21:50:44+00:00,Asked Open ai chatgpt to write a rap about in style. How did it do?,surprise,0.8146043419837952
2022-12-09 04:11:32+00:00,"Wonder if the right map is the only part. Imho, there are lots of ‚ÄúLeft Five into Right Three‚Äù, ‚ÄúSquare‚Äù, ‚ÄúHairpin‚Äù and ‚ÄúAccute‚Äù, bumps and whatnot, on the road to a sustainable weight. So having a co-driver is key. This is where chatGPT comes into play, an AI co-driver.",surprise,0.9020509123802184
2022-12-10 13:31:28+00:00,In case you wonder what elliptic curve is: ChatGPT,surprise,0.9444528222084044
2022-12-10 20:25:25+00:00,"Is anyone here surprised/shocked by this?? ü§î The warning bells were sounded nearly 2 yrs ago by &amp; others in ""On the Dangers of Stochastic Parrots"". ChatGPT LLM OpenAI",surprise,0.970767617225647
2022-12-11 03:03:57+00:00,ChatGPT about to outperform JoeBiden,surprise,0.6003319025039673
2022-12-11 16:12:26+00:00,I had chatgpt write me a story about elon musk making the best staple gun in the world. And here it is. ELONMUSK,surprise,0.4738722145557403
2022-12-12 07:47:00+00:00,"‚ÄºÔ∏è ChatGPT passes 1 million users in less than a week! ‚ùì We asked the new OpemAI chatbot ‚ÄòWhy VPN Routers are Great for IPTV Users in the UK‚Äô ü§Ø The results were staggering, see",surprise,0.703086793422699
2022-12-13 20:50:29+00:00,"ChatGPT was able to get the ball rolling, at least. I'm curious if I could craft a prompt that gets me the exact result I need. It's only able to do what I ask and with limited instruction there is more room for failure.",surprise,0.7531339526176453
2022-12-15 06:55:19+00:00,I cannot believe how bullish $RLC üåΩ is with all this chatGPT and AI euforia,surprise,0.8822941780090332
2022-12-16 15:17:17+00:00,Dodging my question huh? ChatGPT,surprise,0.4588874578475952
2022-12-19 13:03:25+00:00,3M a day to run Chat....Honestly thought it would have been more! ChatGPT,surprise,0.8176848888397217
2022-12-19 13:42:16+00:00,Would you read a novel written by a robot? ChatGPT OpenAI WritingCommmunity,surprise,0.474996268749237
2022-12-19 19:27:19+00:00,We've seen some really incredible outcomes with ChatGPT.,surprise,0.559528648853302
2022-12-22 17:41:21+00:00,"I'm hearing a lot about ChatGPT. I've seen it in action and am really impressed with what I have seen, so far. Interested to see what else it can do! technology tech new discover",surprise,0.9599941968917848
2022-12-23 19:21:08+00:00,ChatGPT impressive growth and only the beginning for AI. Great datapoints from on the space,surprise,0.4664377272129059
2022-12-30 11:46:12+00:00,"Why did Kim Dotcom change his name to ""Kim Dotcom""? Because ""Kim Dotcom Dotcom"" was too hard to spell! KI generated from ChatGPT",surprise,0.5658507347106934
2022-12-30 20:12:16+00:00,üôè for publishing my latest blog post MedTwitter AIArt OpenAI ChatGPT burnout PhysicianBurnout healthcare HealthcareBurnout WritingCommunity I used OpenAI to generate art on healthcare burnout. The images were startlingly moving,surprise,0.4772697687149048
2022-12-30 23:43:41+00:00,ChatGPT is something else game changer. I haven‚Äôt forgotten your explainer. Need to tell me brands now,surprise,0.5002647638320923
2023-01-07 17:14:57+00:00,its in yo eyes how can you ignore it artificalintelligence ChatGPT,surprise,0.5970325469970703
2023-01-16 11:30:10+00:00,Microsoft ChatGPT $10 Billion Investment To Upgrade MS Office Apps Read more: Microsoft MS AI Chatbot ArtificialIntelligence,surprise,0.4472324252128601
2023-01-23 03:17:58+00:00,"Woahhh, ChatGPT...you've got some ideas there...BenSolo ReySkywalker Reylo ChatGPT StarWars EpisodeX",surprise,0.7320544123649597
2023-01-25 23:50:57+00:00,Crazy what AI is capable of in 2023. ChatGPT AI programming RobloxDev ROBLOX coding,surprise,0.8093895316123962
2023-01-26 17:26:53+00:00,See.. I Confused Your ChatGPT ‚ù§Ô∏è Wat do you gonna do now ? ChatGPTPro,surprise,0.5173804759979248
2023-01-26 19:17:01+00:00,"Suddenly, AI seems to be everywhere you turn, from text-based bots like ChatGPT to image generators like DALL-E. But what are they &amp; how will marketers be able to put these tools to use in effective ‚Äì and ethical ‚Äì ways? More from for :",surprise,0.6178449392318726
2023-02-01 21:30:38+00:00,"Have you asked the ChatGPT who the king of grime is? It said it was either dizzee, you or skeptaüòÇ i said that is wrong &amp; the only answer is wiley so let's see if it learns.. im just glad it didnt say stormzy i asked it who Scott Chegg is. Doesn't know",surprise,0.5733940601348877
2023-02-08 01:47:27+00:00,"My improved version of puffy with artificial intelligence, what do you think I think it's beautiful ChatGPT ia AxieOrigins AxieInfinity InteligenciaArtificial solana blockchain",surprise,0.4121065139770508
2023-02-10 20:47:05+00:00,Is there nothing ChatGPT can‚Äôt do?!,surprise,0.5897706747055054
2023-02-13 02:20:28+00:00,"Surprisely, sometimes Glarity (google summary with chatgpt ) returns more accurate data than google itself.",surprise,0.9577549695968628
2023-02-13 06:47:54+00:00,I think we can safely say ChatGPT bots are developed by leftists. Am not impressed. üòè ChatGPT,surprise,0.7051569819450378
2023-02-14 00:20:56+00:00,Is anybody surprised?! ChatGPT Skynet would get rid of humans! told us this! expose this please,surprise,0.9729648232460022
2023-02-20 17:13:34+00:00,"Can education stay behind when it goes about technical progress? When the whole world is discussing amazing opportunities ChatGPT gives, should schools say ‚ÄòNo‚Äô or ‚ÄòYes‚Äô to progress? chatgpt artificialintelligence education college",surprise,0.677596390247345
2023-02-25 04:49:57+00:00,SmartAi vs. Biggest Competitor: -ChatGPT (GPT 3.5): 175B parameters -Bard (Google LaMDA): 137B parameters -Baidu Ernie: 260B parameters -LG Exaone: 300B parameters -Nvidia Megatron: 530B parameters -Google PaLM: 540B parameters ChatGPT SmartAi Google Nvidia,surprise,0.5352374315261841
2023-03-02 15:21:45+00:00,ChatGPT has caused a stir among the developer community but left the traditional YouTube surfing behind somewhere. . . . chatgpt developersmeme itdevelopers youtube bard google officememes office officeseries corporatememes developers developerslife,surprise,0.3968797624111175
2023-03-15 04:27:19+00:00,This is why ChatGPT is amazing,surprise,0.6331298351287842
2023-03-27 22:02:36+00:00,Chatgpt has sparked a new round of Soul-searching among China's Tech heavyweights over how far the Country Lags in ai source: scmp,surprise,0.5858070254325867
2023-03-28 23:18:35+00:00,"Wow, the ChatGPT is so revolutionary! It's like a crystal ball that can answer all of your questions...or is it? Mercado Libre's CEO, Marcos Galperin, tried it out and got some surprisingly incorrect answers. Check out his story and more at ChatGPT AI ‚Ä¶",surprise,0.9672440886497498
2023-04-04 16:12:02+00:00,Wow : the Former Microsoft exec and wife donate $200M worth of art to Seattle Art Museum !!! ai ia artificialintelligence chatgpt midjourney dalle japer future,surprise,0.908435881137848
