Date,Source,Emotion_Label,Emotion_Probability,Original_Tweet,Cleaned_Tweet,Similarity_Score,Time_Difference_Seconds,Time_Proximity_Score,Original_Length,Cleaned_Length,Length_Difference
2023-01-27 15:08:41+00:00,ChatGPT,neutral,0.6103626489639282,"This is how #ChatGPT describes @HugsPlatform. The AI is kindddd of right üëå 

""Hugs is a platform that allows individuals to contribute data to a crowd-sourced database. The data is then reviewed by experts in the relevant field, and those who contribute data will be rewarded","describes . ai kindddd right hugs platform allows individuals contribute data crowdsourced database. data reviewed experts relevant field, contribute data rewarded",0.5692307692307692,0.0,1.0,275,163,112
2023-01-25 23:49:02+00:00,ChatGPT,neutral,0.5162366032600403,#ChatGPT or how I became a writer by prompting.,became writer prompting.,0.5333333333333333,0.0,1.0,47,24,23
2023-02-10 16:16:54+00:00,ChatGPT,neutral,0.5410035848617554,"Is @chatgptopenai a gold rush?üí∞

Follow @askdomthat ü´°

#askdomthat #chat #chatgpt #openai #gold #goldrush #entrepreneur #entrepreneurship #startup #business #help #money #realestate #invest #investing #investor #fyp #follow #explore https://t.co/OkkvqqEf1E",gold rush? follow,0.3482758620689655,0.0,1.0,256,17,239
2023-02-01 19:30:20+00:00,ChatGPT,neutral,0.7680615186691284,Generative Artificial Intelligence Visualized - #ChatGPT https://t.co/RTcUkp60Il,generative artificial intelligence visualized,0.7,0.0,1.0,80,45,35
2023-01-10 08:53:08+00:00,ChatGPT,neutral,0.7494619488716125,"I asked @openaicommunity
To write me a song about Bitcoin.

#Bitcoin #BTC #btcsong #bitcoinsong #AI #ChatGPT
https://t.co/B0DOEEbzSV",asked write song bitcoin.,0.4647058823529412,0.0,1.0,132,25,107
2023-01-16 11:45:07+00:00,ChatGPT,neutral,0.8496861457824707,"How #AI chatbot #ChatGPT changes the #phishing game

üîè https://t.co/PaE3Fr3hks

#ArtificialIntelligence #Cybersecurity #Microsoft @delfastbikes @FinMKTG @SpirosMargaris @MikeQuindazzi @Nicochan33 @ravidugh @Khulood_Almani @MargaretSiegien",chatbot changes game,0.3999999999999999,0.0,1.0,238,20,218
2023-02-03 07:22:51+00:00,ChatGPT,neutral,0.9011572599411012,"chatGPT login UI clone üåÄ
with the Password hide and show feature 
using HTML, CSS &amp; Javascript

#javascript50 #project16 #passwordshow #ChatGPT #javascript #CSS3 #webdev https://t.co/4jmXVknbDW","chatgpt login ui clone password hide show feature using html, css amp; javascript",0.6230769230769231,0.0,1.0,197,81,116
2023-03-19 13:51:14+00:00,ChatGPT,neutral,0.3925569653511047,"RT @Khulood_Almani: üí•Microsoft-backed #OpenAI Starts Release of Powerful #AI known as GPT-4

https://t.co/FUr9lZxOeL 

#ChatGPT #tech #innovation #technology #web3 #blockchain #marketing #5G #IoT #Analytics #bigdata #flutter #DataScientists #robots #Rob‚Ä¶ https://t.co/mKCB9hjO7g",rt : microsoftbacked starts release powerful known gpt4,0.409375,0.0,1.0,278,55,223
2023-02-08 05:13:36+00:00,ChatGPT,neutral,0.3938959240913391,"#ChatGPT Fuels the Blazing Generative AI Start-up Scene.

üí°We asked our Investment Analyst, Sebastian who is completing his Masters of Data Science and AI about how investors should approach this new megatrend.

Read article here: https://t.co/ycz6qUSnDn
#investing #AI #VC https://t.co/Zaxh5NOIq4","fuels blazing generative ai startup scene. we asked investment analyst, sebastian completing masters data science ai investors approach new megatrend. read article here:",0.6414634146341462,0.0,1.0,297,169,128
2023-01-11 18:43:09+00:00,ChatGPT,neutral,0.9284070730209352,"Search Intent should be the basics of your work if you're an SEO 

It's a secret most SEOs overlook

#SEO #ChatGPT #Website #contentcreation #ContentWriting",search intent basics work seo secret seos overlook,0.5333333333333333,0.0,1.0,156,50,106
2023-01-18 13:08:00+00:00,ChatGPT,neutral,0.5050103664398193,"How exactly will #AI make a difference?

=&gt; Originality will be more important.

=&gt; Services like #ChatGPT will stimulate our thinking, help us with lateral thought

#AI #NLP #NLU #MachineLearning #creativity 

https://t.co/xOn3YVLdVq https://t.co/VnL5Jppkul","exactly make difference? gt; originality important. gt; services like stimulate thinking, help us lateral thought",0.6033333333333333,0.0,1.0,264,113,151
2022-12-04 09:41:51+00:00,ChatGPT,neutral,0.7740306258201599,Democratizing legal research and expertise with #ChatGPT AI &amp; Online Legal Information by N√≥ra Al Haider https://t.co/9OyxaQ9Dg1,democratizing legal research expertise ai amp; online legal information nra al haider,0.6499999999999999,0.0,1.0,132,85,47
2023-03-16 00:43:58+00:00,ChatGPT,neutral,0.5258958339691162,"Am I the crazy one for typing ""please"" and ""thank you"" to #ChatGPT?

Gotta get some edge when Skynet gets activated. üòÑ",crazy one typing please thank you gotta get edge skynet gets activated.,0.552,0.0,1.0,118,71,47
2023-02-26 22:05:02+00:00,ChatGPT,neutral,0.6353614926338196,"@saylor @elonmusk #chatgpt Has taught me more than anything els, especially new aspects about #Bitcoin","taught anything els, especially new aspects",0.58,0.0,1.0,102,43,59
2023-03-27 18:37:46+00:00,ChatGPT,neutral,0.6488205790519714,What to Expect from #GenerativeAI in Analytics and Business Intelligence https://t.co/1rFozOWzuZ - catch the latest insights from @constellationr‚Äôs @DHenschen on what to expect from Generative AI in 2023. #ChatGPT #AI #BI #Analytics,expect analytics business intelligence catch latest insights s expect generative ai 2023.,0.5592592592592592,0.0,1.0,232,89,143
2022-12-09 11:13:15+00:00,ChatGPT,neutral,0.711116373538971,"GM , from #ChatGPT as well üòÖ https://t.co/jHwZl2yYE2","gm , well",0.5625,0.0,1.0,52,9,43
2023-01-03 23:35:54+00:00,ChatGPT,neutral,0.8899970054626465,"Soon your skills won't be needed.

Make the ones you know count. ‚úÖ

#ArtificialIntelligence #ai #chatgpt",soon skills needed. make ones know count.,0.60625,0.0,1.0,104,41,63
2023-01-06 08:12:04+00:00,ChatGPT,neutral,0.5320942401885986,"Wouldn't it be cool to have a ChatGPT-like AI service for the stock market? being able to ask anything and get clear, easy answers in plain English, complete with helpful charts and indices. Share your thoughts on how this could revolutionize! #AI #stockmarket #ChatGPT","cool chatgptlike ai service stock market? able ask anything get clear, easy answers plain english, complete helpful charts indices. share thoughts could revolutionize!",0.6581395348837209,0.0,1.0,269,167,102
2023-02-02 23:01:30+00:00,ChatGPT,neutral,0.7835090160369873,#chatgpt is a bit woke #wokechat https://t.co/kG4if6LQje,bit woke,0.5,0.0,1.0,56,8,48
2022-12-18 09:16:40+00:00,ChatGPT,neutral,0.5669363141059875,"This New A.I Tool is something else.
#Artificial_Intelligence 
#ChatGPT 
#Google 
#digitalk https://t.co/1liVuubGvQ",new a.i tool something else.,0.5916666666666667,0.0,1.0,115,28,87
2023-03-21 17:18:36+00:00,ChatGPT,surprise,0.4931918680667877,"üìâ#Sell!üìâ
üî•RSI over 85!üî•
[#Bybit]
üëá Recommendation: #Short
üìäTicker: #WOOUSDTüìä
30-minute Candle
Last Price: 0.2107
RSI: 88.8

üî•Powered by #ChatGPTüî•

$WOO
#WOO
#„Éê„Ç§„Éì„ÉÉ„Éà https://t.co/dGTptVwlHm",rsi 85! recommendation: ticker: 30minute candle last price: 0.2107 rsi: 88.8 powered woo,0.4633333333333333,0.0,1.0,187,88,99
2023-03-20 13:48:29+00:00,ChatGPT,surprise,0.4969059228897095,"I‚Äôm seriously considering let chatGPT pick several projects for me, and degen inü§£
Anyone like this idea?
#AI #ChatGPT #Crypto","im seriously considering let chatgpt pick several projects me, degen in anyone like idea?",0.6818181818181818,0.0,1.0,125,89,36
2023-03-31 11:40:42+00:00,ChatGPT,surprise,0.8749677538871765,"- Daria, you know what's funny? Do you know why I contacted you about the AR?
- Why? üëÄ
- Because Chat GPT told me it should help my business. 

From a call with the client yesterday. A true story üòÖ 

#ChatGPT #augmentedreality #VirtualReality","daria, know whats funny? know contacted ar? why? chat gpt told help business. call client yesterday. true story",0.5947368421052631,0.0,1.0,242,111,131
2023-02-02 02:23:24+00:00,ChatGPT,surprise,0.3315841555595398,"A JPMorgan survey found that 53% of institutional traders believe #AI or #MachineLearning will be the technology that has the biggest influence on trading over the next three years.

@JimHarris @JolaBurnett 

#survey #chatgpt #intelligence #ai #trading 

https://t.co/ypr6DD49pG",jpmorgan survey found 53 institutional traders believe technology biggest influence trading next three years.,0.5676470588235294,0.0,1.0,278,109,169
2023-01-22 22:03:08+00:00,ChatGPT,surprise,0.8057047724723816,"I had a conversation about #Egypt with #ChatGPT. Curiously, ChatGPT's thoughts are indistinguishable from those of the US State Department. (Even the poem.) The State Department is widely known to be a primitive mechanical intelligence too. @StateDRL @SecBlinken @StateDeptSpox https://t.co/7AcI2M8ptN","conversation curiously, chatgpts thoughts indistinguishable us state department. even poem. state department widely known primitive mechanical intelligence too.",0.5512820512820513,0.0,1.0,301,160,141
2022-12-17 03:14:52+00:00,ChatGPT,surprise,0.5392078161239624,"I asked #chatGPT ""what's one of the hardest concepts for a human mind to visualize? Write a
prompt for an Al image generator to try and create that image.""

Here's what it came up with, and here's how MidJourney visualized it:

#aiart #midjourney https://t.co/bYZIQ30gU9","asked whats one hardest concepts human mind visualize? write prompt al image generator try create image. heres came with, heres midjourney visualized it:",0.6166666666666667,0.0,1.0,270,153,117
2023-03-31 19:55:11+00:00,ChatGPT,surprise,0.3898569345474243,"AI WORLD CONGRESS 2023
https://t.co/eBvm4xZtjs
June 7-8. London. Book Now
https://t.co/eBvm4xZtjs

#ai #artificialintelligence #bigdata #machinelearning
#edgecomputing #quantumcomputing #metaverse 
#openai #robotics #robots #iot #aiot  #internetofthings #5G #AR #web3 #chatgpt https://t.co/flVJQUK8dM",ai world congress 2023 june 78. london. book,0.4689655172413793,0.0,1.0,300,44,256
2022-12-08 03:08:27+00:00,ChatGPT,surprise,0.9573143720626832,"@elonmusk I'm speechless. 
@OpenAI 's #ChatGPT absolutely blows my mind. It even write codes for multi-axis robotic arms. God really is a machine, and we are building it. Deus Ex Machina.","speechless. s absolutely blows mind. even write codes multiaxis robotic arms. god really machine, building it. deus ex machina.",0.6606060606060606,0.0,1.0,187,127,60
2022-12-09 09:02:06+00:00,ChatGPT,surprise,0.4767943918704986,You often need to convince #ChatGPT to do your bidding. We're not at AGI yet and already the machines are starting to push back üò≥,often need convince bidding. agi yet already machines starting push back,0.6347826086956522,0.0,1.0,129,72,57
2023-03-18 15:01:10+00:00,ChatGPT,surprise,0.748348593711853,"Talking to @flipchartguy about my book, AI in Talent Development. I've noticed a big uptick in sales since the release of #ChatGPT. #AIinTalentDevelopment: https://t.co/E3AShltlLJ https://t.co/rqd6CDAatQ","talking book, ai talent development. noticed big uptick sales since release",0.6208333333333333,0.0,1.0,203,75,128
2023-03-27 09:03:27+00:00,ChatGPT,surprise,0.7138516902923584,Prague Vienna train. Notebooks open. ChatGPT on nearly all screens. You just can‚Äôt help not noticing. Times are really changing. #ChatGPT #workplace #MondayMorning,prague vienna train. notebooks open. chatgpt nearly screens. cant help noticing. times really changing.,0.6791666666666666,0.0,1.0,163,103,60
2023-01-11 16:13:20+00:00,ChatGPT,surprise,0.8866389393806458,"MS buying a bigger stake in #ChatGPT. 

I wonder how long till Google revisits AI content in it's algos....",ms buying bigger stake wonder long till google revisits ai content algos,0.7052631578947368,0.0,1.0,107,72,35
2023-03-12 08:45:04+00:00,ChatGPT,surprise,0.5993536114692688,"Today first time i use #OpenAIChatGPT and my first question is that ü§†üí∏
#GPT #AI #BTC #chatgpt https://t.co/SijgkL1mQw",today first time use first question,0.5058823529411764,0.0,1.0,117,35,82
2023-02-12 11:56:32+00:00,ChatGPT,surprise,0.6001676321029663,"Is Bard AI free? https://t.co/ZaMY0YEekH 
#BardAI #GoogleAI #ChatGPT #BingChat #BingChatAI #Google #Bard #GoogleBard",bard ai free?,0.4615384615384615,0.0,1.0,116,13,103
2022-12-30 11:05:00+00:00,ChatGPT,surprise,0.9412399530410768,I Asked ChatGPT To Write A Bunch Of Social Media Posts. The Results Were Astounding ‚ûú https://t.co/iDO44syl0h  #LoveWhatYouDo #MarTech #ChatGPT #AIcontent #ContentMarketing ‚Ü¥,asked chatgpt write bunch social media posts. results astounding,0.5739130434782609,0.0,1.0,174,64,110
2023-01-22 20:15:30+00:00,ChatGPT,surprise,0.950503408908844,"Hey #ChatGPT, ""Could a photograph of a blueberry muffin look like a photograph of a chihuahua?""

It replies, ""... the two objects are vastly different and have distinct characteristics, it would be hard to make them look similar.""

Me, ""Oh really?"" https://t.co/l4GHHcyaFn","hey could photograph blueberry muffin look like photograph chihuahua? replies, two objects vastly different distinct characteristics, would hard make look similar. me, oh really?",0.5974999999999999,0.0,1.0,272,178,94
2023-02-28 06:14:27+00:00,ChatGPT,surprise,0.4663963615894317,"‚û°Ô∏è Will AI chatbots replace traditional search engines? The debate continues, writes @itsmeFSL

#BingAI #GoogleBard #ChatGPT

https://t.co/62ueVET8mz","ai chatbots replace traditional search engines? debate continues, writes",0.6705882352941176,0.0,1.0,149,72,77
2023-02-24 16:16:55+00:00,ChatGPT,surprise,0.4522846341133117,"We're diving into AI-Art and ChapGPT today: https://t.co/wg32uYaNJz

#art #artists #writing #writers #chatgpt #aiart #AIartists #clarkesworld #scifi #fantasy #fiction #magazine #digitalart #publishing https://t.co/KOORWLdlns",diving aiart chapgpt today:,0.3874999999999999,0.0,1.0,224,27,197
2023-01-27 19:59:23+00:00,ChatGPT,surprise,0.5867016315460205,My recent conversation with #ChatGPT @OpenAI after a very coherent reply something happened. https://t.co/TCizWTrnQQ,recent conversation coherent reply something happened.,0.6,0.0,1.0,116,54,62
2023-02-04 21:05:01+00:00,ChatGPT,surprise,0.7653005123138428,"It‚Äôs interesting if I connect somehow ChatGPT and Copilot, would this bot pass an coding interview for Junior position somewhere? ü§™ #ChatGPT #copilot #coding","its interesting connect somehow chatgpt copilot, would bot pass coding interview junior position somewhere?",0.6639999999999999,0.0,1.0,157,107,50
2023-03-23 13:00:25+00:00,ChatGPT,joy,0.5590612292289734,"I just published ‚Äò5 Bold Predictions for How AI Will Radically Reshape Our Future‚Äô https://t.co/bBPAKPKogD

#Artificial_Intelligence #Deeplearning #aitools #ChatGPT",published 5 bold predictions ai radically reshape future,0.5,0.0,1.0,164,56,108
2023-01-18 10:36:20+00:00,ChatGPT,joy,0.8989043831825256,"I just finished watching @andrejkarpathy's video on building GPT from scratch and I must say, it was a real treat to see how much effort and knowledge goes into creating a model like GPT. It was truly informative and I enjoyed every moment of it. #ml #chatgpt #AI #GPT #coding","finished watching s video building gpt scratch must say, real treat see much effort knowledge goes creating model like gpt. truly informative enjoyed every moment it.",0.6977272727272728,0.0,1.0,276,166,110
2023-03-05 17:59:54+00:00,ChatGPT,joy,0.8143182396888733,"""I've been using @OpenAI's ChatGPT and I must say, it's an incredible tool! From answering my questions to assisting with tasks, it's been a game changer. Thank you @OpenAI for creating such a fantastic AI tool to enhance our lives! #AI #ChatGPT #OpenAI""","ive using s chatgpt must say, incredible tool! answering questions assisting tasks, game changer. thank creating fantastic ai tool enhance lives!",0.624390243902439,0.0,1.0,254,145,109
2023-03-22 11:31:02+00:00,ChatGPT,joy,0.5345193147659302,Opera integrates OpenAI's ChatGPT in their browsers for a powerful browsing experience üöÄ Try it out! #Opera #AI #OpenAI #ChatGPT https://t.co/OFBC3grr0R,opera integrates openais chatgpt browsers powerful browsing experience try out!,0.5863636363636364,0.0,1.0,152,79,73
2023-02-07 11:43:13+00:00,ChatGPT,joy,0.5902671813964844,"Exciting tech news this week
#Google #Bard #chatgpt #lowcode 
Follow us for more interesting updates
Build Amazing things with LiveCode
Check out at https://t.co/TH6E7xHKGY https://t.co/gYD4i5OrKi",exciting tech news week follow us interesting updates build amazing things livecode check,0.6639999999999999,0.0,1.0,196,89,107
2023-02-04 13:12:13+00:00,ChatGPT,joy,0.5980446338653564,"VERY worth reading! #samaltman , the brains behind #ChatGPT @OpenAI  according to @NewYorker 
by @tadfriend 

https://t.co/tApIiXPMUC","worth reading! , brains behind according",0.5625,0.0,1.0,133,40,93
2023-03-11 15:13:24+00:00,ChatGPT,joy,0.8676878809928894,Businesses can benefit a lot from AI technology. #ChatGPT #AI,businesses benefit lot ai technology.,0.6499999999999999,0.0,1.0,61,37,24
2023-01-22 14:38:31+00:00,ChatGPT,joy,0.5784389972686768,"#ChatGPT : Gone are the mornings where I brainstormed alone. 

Takes me seconds to gather relevant and sufficient intel on whats out there regarding a new writing prompt, a thought or a research question. 

Whenever, wherever thanks to your friendly neighborhood AI https://t.co/EkFdCk6aaM",": gone mornings brainstormed alone. takes seconds gather relevant sufficient intel whats regarding new writing prompt, thought research question. whenever, wherever thanks friendly neighborhood ai",0.7375,0.0,1.0,289,196,93
2023-01-13 22:02:20+00:00,ChatGPT,joy,0.8353016376495361,"Visions of Bionic Life
Made with dedication &amp; passion, leveraging #ChatGPT, #Canva &amp; #Midjourney - https://t.co/IIftY4v2UB 

‚ô¶Ô∏è | #Arcanea
‚öîÔ∏è | #bionic
‚ô¶Ô∏è | #midjourneyai
‚ô¶Ô∏è | #digitalart
‚ô¶Ô∏è | #opensea
‚ô¶Ô∏è | #nftartwork
‚ô¶Ô∏è | #fantasy 
‚ô¶Ô∏è | #fantasyworld
‚ô¶Ô∏è | #fantasyart https://t.co/xM2mKj73oG","visions bionic life made dedication amp; passion, leveraging amp;",0.4689655172413793,0.0,1.0,301,65,236
2023-03-01 07:34:39+00:00,ChatGPT,joy,0.7147082686424255,"@gomezidao congratulations on the best project

#ChatGPT #OpenAI #GPT3 #blockchain #Gomezi #GOME",congratulations best project,0.475,0.0,1.0,96,28,68
2023-01-27 04:11:28+00:00,ChatGPT,joy,0.4021406769752502,@GBNEWS Tripe! #ChatGPT is coming after your job üá¨üáßmedia #TXT_SugarRushRide HarryandMeghanNetflix,tripe! coming job media harryandmeghannetflix,0.5333333333333333,0.0,1.0,97,45,52
2023-03-13 14:10:13+00:00,ChatGPT,joy,0.458918958902359,"Sign up and get your job at Goodwill!
https://t.co/o5zhGyE1oi
Click on the link above and provide your all details.
Finally Sign up and get your job at Goodwill!
#PinkVenom #Flop #baekhyun #Japan #Ramadan #Korean #Duke #ChatGPT #YetToCome #Samsung https://t.co/avUw1QR6HZ",sign get job goodwill! click link provide details. finally sign get job goodwill!,0.5172413793103448,0.0,1.0,271,81,190
2023-02-28 03:32:12+00:00,ChatGPT,joy,0.9571494460105896,"Oh, #Bing, you and I are going to have so much fun together. 

#StarWars #TriviaNight #ChatGPT #GenerativeAI https://t.co/7xS4uWxhMV","oh, going much fun together.",0.4944444444444444,0.0,1.0,132,28,104
2023-02-14 14:39:35+00:00,ChatGPT,joy,0.4063017070293426,"#ChatGPT is an amazing technology. But it isn't more objective (than humans). It is more effective.

Let us not have wrong expectations. Let us accept this fact in planning interaction with it.",amazing technology. objective than humans. effective. let us wrong expectations. let us accept fact planning interaction it.,0.6137931034482758,0.0,1.0,193,124,69
2023-01-19 05:27:13+00:00,ChatGPT,joy,0.9477049112319946,"Love this, really cool. It really looks like the robot is enjoying itself very much. Now give it a #ChatGPT interface and imagine the possibilities..","love this, really cool. really looks like robot enjoying much. give interface imagine possibilities",0.6652173913043478,0.0,1.0,149,99,50
2023-03-13 03:00:02+00:00,ChatGPT,joy,0.6721115112304688,"Noun: image

A picture worth a thousand words, or a thousand words worth a picture? Either way, it's a lot of work for a single joke!

 #technology #innovation #chatGPT #openai #programming","noun: image picture worth thousand words, thousand words worth picture? either way, lot work single joke!",0.7083333333333333,0.0,1.0,189,105,84
2023-01-19 21:00:46+00:00,ChatGPT,joy,0.7396057844161987,ChatGPT And AI Will Fuel New EdTech Boom via @forbes https://t.co/0TuZdq6Drv #ai #ChatGPT,chatgpt ai fuel new edtech boom via,0.6769230769230768,0.0,1.0,89,35,54
2023-03-19 02:55:41+00:00,ChatGPT,joy,0.906324028968811,"It's encouraging to see web3 projects learning from successful ventures and adapting their strategies for user adoption.
#CryptoNews #Crypto #tradecoin #Ethereum #ChatGPT #GPT #tradecoind2 #tradecoind2_vn #ChatAiD2",encouraging see web3 projects learning successful ventures adapting strategies user adoption.,0.5961538461538461,0.0,1.0,214,93,121
2023-01-23 12:29:12+00:00,ChatGPT,joy,0.7077763676643372,"Ask #ChatGPT to give jee and neet exam too
Lets have some fun üòÇ https://t.co/oCdpbU18eD",ask give jee neet exam lets fun,0.6266666666666667,0.0,1.0,87,31,56
2023-03-29 11:08:47+00:00,ChatGPT,joy,0.8148863315582275,This is an interesting read when we are all caught up with how awesome #Bing chat is. #AI #ChatGPT #GPT4,interesting read caught awesome chat is.,0.51,0.0,1.0,104,40,64
2023-02-18 06:34:07+00:00,ChatGPT,sadness,0.9609296321868896,"@sundarpichai Don't try to copy ChatGPT. You will regret it. in the future this will become Google Hangout, Google Plus #ChatGPT #googlebrad","try copy chatgpt. regret it. future become google hangout, google plus",0.6499999999999999,0.0,1.0,140,70,70
2023-03-04 04:53:07+00:00,ChatGPT,sadness,0.302581638097763,Channelling my inner Tony Stark with #ChatGPT as my trusty AI assistant. https://t.co/CxS7WAWFM1,channelling inner tony stark trusty ai assistant.,0.7083333333333333,0.0,1.0,96,49,47
2023-01-09 19:54:57+00:00,ChatGPT,sadness,0.9575576186180116,‚Äú‚Ä¶much in-school learning feels trivial and tedious.‚Äù #ChatGPT : A Must-See Before the Semester Begins | Faculty Focus https://t.co/MudBpv7SK2,much inschool learning feels trivial tedious. : mustsee semester begins faculty focus,0.5434782608695652,0.0,1.0,142,85,57
2022-12-04 20:26:51+00:00,ChatGPT,sadness,0.5585253238677979,"now merge the conversational UI of #ChatGPT with dall-e prompts so people can paint with voice progressively.

""put a ring on the ring finger of the right hand of the subject""
""make it a gold ring""
""give the subject a more serious look""
""not that serious""",merge conversational ui dalle prompts people paint voice progressively. put ring ring finger right hand subject make gold ring give subject serious look not serious,0.55,0.0,1.0,255,164,91
2023-03-31 17:09:47+00:00,ChatGPT,sadness,0.9502940773963928,"@verge Chat-GPT 3 response:
""Sad to hear that Chat-GPT has been banned in Italy due to privacy concerns. As a language model, I understand the importance of protecting user data and (...) "" 
https://t.co/brkARLzn6M #privacy #AI #ChatGPT #Italy #Italia https://t.co/Hn5ei8rz3U","chatgpt 3 response: sad hear chatgpt banned italy due privacy concerns. language model, understand importance protecting user data",0.5625,0.0,1.0,275,130,145
2022-12-08 01:31:02+00:00,ChatGPT,sadness,0.8477867841720581,"Why is #ChatGPT not available in Egypt? *Sighhh* 
Can't we have access to anything nice on this side of the world! ‚òπüòü",available egypt? sighhh cant access anything nice side world!,0.5041666666666667,0.0,1.0,117,61,56
2022-12-05 02:57:11+00:00,ChatGPT,sadness,0.7215204238891602,Pointer-based attack on #ChatGPT's filters. Seems hard to prevent in a purely generative model. https://t.co/nkWmOiNjA0,pointerbased attack filters. seems hard prevent purely generative model.,0.6499999999999999,0.0,1.0,119,72,47
2023-02-09 15:07:53+00:00,ChatGPT,sadness,0.8376971483230591,"""ChatGPT: The AI that can write a business plan,
 but can't implement it.""
https://t.co/Ek0jst1j0Y
#ChatGPT #chatgpt3 #ai","chatgpt: ai write business plan, cant implement it.",0.475,0.0,1.0,121,51,70
2023-02-16 18:09:12+00:00,ChatGPT,sadness,0.4323168992996216,"#ecsleducational #chatgpt #hydrogeninjection

Here's Why a Hydrogen Combustion Engine Will Never Be Popular
https://t.co/xv6txmTm9t https://t.co/9bO5iCUJzc",heres hydrogen combustion engine never popular,0.51875,0.0,1.0,155,46,109
2023-03-21 18:16:45+00:00,ChatGPT,sadness,0.8499502539634705,"@wongmjane Quite disappointing. If after delays they aren't par with #chatgpt, then they may have missed this boat.",quite disappointing. delays par may missed boat.,0.588235294117647,0.0,1.0,115,48,67
2023-03-27 15:31:58+00:00,ChatGPT,sadness,0.5142691731452942,"@ylecun on Failures of #ChatGPT-like Auto-Regressive LLMs

#AI

https://t.co/42pzh59plS",failures autoregressive llms,0.4399999999999999,0.0,1.0,87,28,59
2023-03-17 14:26:35+00:00,ChatGPT,sadness,0.9563600420951844,Ernie Bot ‚Äúnot yet perfect‚Äù: ‚Äú#Baidu Plunges After Recorded Demo of #AI #Chatbot Disappoints.‚Äù #Tech #China #ChatGPT #ErnieBot #GPT4  https://t.co/o4MiuCg8AQ,ernie bot not yet perfect: plunges recorded demo disappoints.,0.4826086956521739,0.0,1.0,157,61,96
2023-01-23 13:35:07+00:00,ChatGPT,sadness,0.7581501007080078,@mrshowell24 Access to the internet and location-based information are big misses from #ChatGPT,access internet locationbased information big misses,0.55,0.0,1.0,95,52,43
2023-03-14 08:40:15+00:00,ChatGPT,sadness,0.4075258672237396,#Chatgpt knows a collab between @blkodyssy and @TheDangelo would be sick‚Ä¶ with @questlove on drums of course https://t.co/aeIClK4VED,knows collab would sick drums course,0.4842105263157894,0.0,1.0,132,36,96
2023-01-07 13:37:03+00:00,ChatGPT,sadness,0.4884063005447387,"The AVATARY Vision

Our Avatars will be used as in-class digital teachers for a better education system, dealing with the global lack of qualified personnel. 

#AI #blockchain #education #teaching #ChatGPT https://t.co/iLRDXNoUd1","avatary vision avatars used inclass digital teachers better education system, dealing global lack qualified personnel.",0.6161290322580645,0.0,1.0,229,118,111
2023-02-08 13:19:01+00:00,ChatGPT,sadness,0.554286003112793,"On this 5kW inverter, it has a range of 60-145VDC meaning anything below wont function.

It's 48V battery input thus 4*12V battery will be the min for it to run.

#BoycottEquityBank #ChatGPT Nato 30 Jubelee MPs Safaricom Rigathi Gachagua Njugush Okello Max President William Ruto","5kw inverter, range 60145vdc meaning anything wont function. 48v battery input thus 412v battery min run. nato 30 jubelee mps safaricom rigathi gachagua njugush okello max president william ruto",0.7044444444444444,0.0,1.0,279,194,85
2022-12-03 14:24:18+00:00,ChatGPT,sadness,0.9506375193595886,My daughter just asked me why the elf on the shelf doesn't have a mommy. I didn't have the heart to tell her that elves are born from the tears of disappointed parents. #elfontheshelf #ChatGPT,daughter asked elf shelf mommy. heart tell elves born tears disappointed parents.,0.5709677419354838,0.0,1.0,192,81,111
2023-02-17 06:00:26+00:00,ChatGPT,sadness,0.6870924830436707,If @satyanadella can help @bing  to take over even 5% market share from @Google. He will go down as one of the best tech CEOs. Microsoft has done a great job in managing the narrative so far and Google has done equally worse in #ChatGPT saga.,help take even 5 market share . go one best tech ceos. microsoft done great job managing narrative far google done equally worse saga.,0.634090909090909,0.0,1.0,242,134,108
2023-02-05 05:00:08+00:00,ChatGPT,sadness,0.6376964449882507,A humourless budget: An HR complains to the FM #HumourlessBudget #Hr #HumourResource #BudgetReactions #VikramPoddar #EditorSPick #ExclusivePlus #UnionBudget2023 #CapitalExpenditure #ChatGPT  https://t.co/m3MGu8u1ek,humourless budget: hr complains fm,0.475,0.0,1.0,214,34,180
2023-04-05 14:37:15+00:00,ChatGPT,sadness,0.5417853593826294,"Could ChatGPT lay waste to millions of professional jobs, including journalists?

Not if they figure out their real value

#Robot #ChatGPT #AI #waste #professionaljobs #journalists #value
 https://t.co/Q3Aq0E8wjU via @WSJ","could chatgpt lay waste millions professional jobs, including journalists? figure real value via",0.6137931034482758,0.0,1.0,221,96,125
2023-03-18 21:25:53+00:00,ChatGPT,fear,0.6715413928031921,"I'm kind of horrified and excited to learn GPT4 is definitely better than me at both tailwind css and alpine.js üò¨

#chatgpt #gpt4",kind horrified excited learn gpt4 definitely better tailwind css alpine.js,0.6181818181818182,0.0,1.0,129,74,55
2023-01-05 16:24:39+00:00,ChatGPT,fear,0.5631349086761475,"Could AI models take down the almighty Google? üß†

Asking an AI model &amp; getting exactly what you want, could spell trouble for the search giant. 

AI models such as ChatGPT &amp; Stable Diffusion are strong signals for AI starting to eat software.

#ai #chatgpt #openai #Google https://t.co/WlleDuAUGR","could ai models take almighty google? asking ai model amp; getting exactly want, could spell trouble search giant. ai models chatgpt amp; stable diffusion strong signals ai starting eat software.",0.6926829268292682,0.0,1.0,304,195,109
2022-12-15 07:55:12+00:00,ChatGPT,fear,0.99133038520813,"Whatever we know or think we know about the capabilities and limitations of #ChatGPT and the like, it is the panic, the knee-jerk, the anxiety and the misapprehensions that we need to confront first.","whatever know think know capabilities limitations like, panic, kneejerk, anxiety misapprehensions need confront first.",0.6359999999999999,0.0,1.0,199,118,81
2023-02-21 14:48:15+00:00,ChatGPT,fear,0.912031352519989,"AI-powered phishing: Chatbot hazard or hot air? @Proofpoint's sr. manager of #datascience, Adam Starr, explains what his team is seeing in the threat landscape regarding large language models.

#ChatGPT #chatbot @README_Security 
 https://t.co/RdbdGyLcx8","aipowered phishing: chatbot hazard hot air? s sr. manager adam starr, explains team seeing threat landscape regarding large language models.",0.6705882352941176,0.0,1.0,254,140,114
2023-03-08 14:49:09+00:00,ChatGPT,fear,0.620117723941803,#ChatGPT What are the 2most difficult things you think AI will never be able to do https://t.co/VHTWS6vNOl,2most difficult things think ai never able,0.588235294117647,0.0,1.0,106,42,64
2023-01-04 23:38:12+00:00,ChatGPT,fear,0.3740123510360718,#ChatGPT has already been regulated due to #globalroomates getting out of hand with the questions being ran trough this #openai project. Oc right away some ask for the recipes of chaos. #AIthewordcalculator #whatwillyouaskit,already regulated due getting hand questions ran trough project. oc right away ask recipes chaos.,0.6387096774193548,0.0,1.0,224,97,127
2023-02-03 22:45:29+00:00,ChatGPT,fear,0.9881552457809448,Laughed out loud @dndn1011 at your 'what's the point in education then?' reply to using #AI to write essays .... The threat to #society #ChatGPT for advice... Scary concept üò® https://t.co/hj84YWQRQG,laughed loud whats point education then? reply using write essays threat advice scary concept,0.5483870967741935,0.0,1.0,198,93,105
2023-02-27 11:19:51+00:00,ChatGPT,fear,0.7674888372421265,"Just like taking breath can't be stopped as far as living, teaching never ends to a genuine leader.

- A Great Mentor's Word
#AI #chatGPT #Bing #data #MLOps #intelligence #programming #SQL #coding #DevOps #talent #coaching #MentorsWORD #ikigai","like taking breath cant stopped far living, teaching never ends genuine leader. great mentors word",0.5459459459459459,0.0,1.0,243,98,145
2023-03-01 14:00:05+00:00,ChatGPT,fear,0.861142635345459,"(1/4) Have you ever asked ChatGPT something and gotten a weird answer in response? Or perhaps something creepy?

Don‚Äôt worry. Its not (exclusively) the model‚Äôs fault. 

It might be you. #chatgpt #AIexplained",14 ever asked chatgpt something gotten weird answer response? perhaps something creepy? dont worry. exclusively models fault. might you.,0.58,0.0,1.0,207,136,71
2023-03-15 04:34:23+00:00,ChatGPT,fear,0.5716854929924011,"""it's generally understood that the granting of wishes comes with a certain degree of caution, and it's important to use them wisely and for the greater good, rather than for personal gain."" #ChatGPT https://t.co/ACw2nIkr6S","its generally understood granting wishes comes certain degree caution, important use wisely greater good, rather personal gain.",0.628125,0.0,1.0,223,127,96
2022-12-05 11:58:32+00:00,ChatGPT,fear,0.92514967918396,‚ÄúHorror story on Elon Musk colonising Mars‚Äù written by ChatGPT. Oscar-worthy! Someone should make a movie on this üòÇ #ChatGPT https://t.co/qSxvEa0GYt,horror story elon musk colonising mars written chatgpt. oscarworthy! someone make movie,0.5739130434782609,0.0,1.0,148,87,61
2023-03-14 19:46:28+00:00,ChatGPT,fear,0.5391802191734314,"@DanCrenshawTX @USATODAY I couldn't agree more. The fight against danger is not a partisan issue, but a human issue. Humans should unite to protect your communities from the devastating impact of drugs &amp; violence. Seize this opportunity for bipartisanship and work together towards a safer world. #ChatGPT","agree more. fight danger partisan issue, human issue. humans unite protect communities devastating impact drugs amp; violence. seize opportunity bipartisanship work together towards safer world.",0.6733333333333333,0.0,1.0,309,194,115
2022-12-30 08:00:35+00:00,ChatGPT,fear,0.9851794838905334,"#ChatGPT AI gets a Grade 7 on a GCSE History exam. 

I fear that ChatGPT-like technologies will put back much-needed reform of formal assessment. Traditional exams are probably the easiest way to stop students cheating. 

https://t.co/4Bv4Gr5end",ai gets grade 7 gcse history exam. fear chatgptlike technologies put back muchneeded reform formal assessment. traditional exams probably easiest way stop students cheating.,0.7162162162162162,0.0,1.0,245,173,72
2023-02-15 18:39:47+00:00,ChatGPT,fear,0.7149767279624939,"""Big Tech was moving cautiously on AI. Then came #ChatGPT."" https://t.co/BYTm6eY1E2",big tech moving cautiously ai. came,0.5916666666666667,0.0,1.0,83,35,48
2023-02-26 10:25:54+00:00,ChatGPT,fear,0.7511560320854187,"I asked #ChatGPT who is 
@hogrbe?
He ""said He's a self-proclaimed earthquake researcher who has gained attention for his predictions of earthquakes based on a supposed planetary alignment theory. He claims to use a method of ""seismic forecasting"" to predict #earthquakes.. 
#Al",asked ? said selfproclaimed earthquake researcher gained attention predictions earthquakes based supposed planetary alignment theory. claims use method seismic forecasting predict,0.573170731707317,0.0,1.0,277,179,98
2023-02-13 20:56:29+00:00,ChatGPT,fear,0.6088786721229553,"Market up $goog down the threat to their business model is real.

$aapl will replace $goog search in a few months

That is only part of the exe-sentential threat

#AI tools #chatgpt is the other part.

#complacency  is the last

Noone is #tbtf too big to fail",market goog threat business model real. aapl replace goog search months part exesentential threat tools part. last noone big fail,0.5625,0.0,1.0,259,129,130
2023-01-12 23:29:50+00:00,ChatGPT,fear,0.4824251234531402,The first casualty of #ChatGPT will be offshore dev shops,first casualty offshore dev shops,0.6499999999999999,0.0,1.0,57,33,24
2023-04-05 23:24:39+00:00,ChatGPT,fear,0.8468387126922607,"ChatGPT cheats: AI is a bigger threat to educational equality
 https://t.co/uUZJgTAn2F
 #bigger #ChatGPT #cheats #educational #equality #threat https://t.co/lhLY1NkZ4u",chatgpt cheats: ai bigger threat educational equality,0.5722222222222222,0.0,1.0,167,53,114
2022-12-22 19:04:15+00:00,ChatGPT,fear,0.9927982091903688,ChatGPT is scaryü•∂  #chatgpt3 #ChatGPT,chatgpt scary,0.4166666666666666,0.0,1.0,37,13,24
2023-02-20 20:23:01+00:00,ChatGPT,fear,0.9704443216323853,"#ICYMI: #ChatGPT goes into homewrecker mode on #Bing with @kevinroose of @nytimes. This vector is truly alarming; what if Bing goes rogue, say, with a teen considering #selfharm? ""Move fast and break things"" with #AI can have tragic consequences. https://t.co/VMuIf5jNVy","goes homewrecker mode . vector truly alarming; bing goes rogue, say, teen considering move fast break things tragic consequences.",0.5625,0.0,1.0,270,129,141
2023-04-07 15:00:21+00:00,ChatGPT,anger,0.5377034544944763,"Don‚Äôt Kill Innovation, But Apply Guardrails For AI https://t.co/VBcYwlh3fX Read @AndyThurai‚Äôs latest thoughts on Generative AI and the use of AI for innovation. #ChatGPT #AI #ML #LLM https://t.co/ef98IvD8ne","dont kill innovation, apply guardrails ai read s latest thoughts generative ai use ai innovation.",0.5851851851851851,0.0,1.0,206,97,109
2023-02-27 12:10:44+00:00,ChatGPT,anger,0.8580687642097473,"#mondaythoughts #Chatgpt taking the world of internet citizens by storm AI creates books scripts formulas #MondayMotivation increase your intelligence #MondayMorning learn how its easy  #Cambridge #NYC #Boston  get in on the fun 
https://t.co/3BDpPfFsCh",taking world internet citizens storm ai creates books scripts formulas increase intelligence learn easy get fun,0.6499999999999999,0.0,1.0,253,111,142
2022-12-03 17:17:16+00:00,ChatGPT,anger,0.9172582030296326,#chatGPT about how useless Facebook is https://t.co/ylGGpcxElS,useless facebook,0.5,0.0,1.0,62,16,46
2023-02-03 23:00:01+00:00,ChatGPT,anger,0.8706799745559692,Why is there hatred in the world? #ChatGPT #AI https://t.co/55YaJmj0Pq,hatred world?,0.4399999999999999,0.0,1.0,70,13,57
2023-01-19 20:44:13+00:00,ChatGPT,anger,0.4163312017917633,"@steven_kolber @keithheggart @TomMahoneyEdu @AAREBlog Lol how ridiculous 

Yet unionist educators are quick to jump on the #ChatGPT bandwagon to farm out their so called ‚ÄúLesson plans‚Äù to a bot!",lol ridiculous yet unionist educators quick jump bandwagon farm called lesson plans bot!,0.5655172413793104,0.0,1.0,194,88,106
2023-01-05 21:45:30+00:00,ChatGPT,anger,0.7602300047874451,"#NewYorkCity #Schools, the largest school department in the US, has blocked #student and #teacher access to #ChatGPT on its devices and networks. https://t.co/AZAqw1e7gp","largest school department us, blocked access devices networks.",0.5666666666666667,0.0,1.0,169,62,107
2023-01-02 08:00:01+00:00,ChatGPT,anger,0.90398770570755,"Noun: prick

A prick is someone who's always trying to get one up on you!

 #technology #innovation #chatGPT #openai #programming",noun: prick prick someone whos always trying get one you!,0.58,0.0,1.0,129,57,72
2023-02-05 22:02:28+00:00,ChatGPT,anger,0.8255301117897034,"@BitcoinMagazine Exactly, that's why they don't like it ‚úîÔ∏è‚úîÔ∏è

Same way #ChatGPT is the most hated product at @Google headquarters rn ü§£ü§£

https://t.co/whzKi9pTsE","exactly, thats like way hated product headquarters rn",0.5041666666666667,0.0,1.0,160,53,107
2023-03-17 03:15:25+00:00,ChatGPT,anger,0.5438216924667358,"No, ChatGPT is not the job killer. It's only a software. It's PEOPLE in boardrooms who'll sack people, blaming technology.
#empirediaries #ChatGPT 
https://t.co/OIfNONwydD https://t.co/DVQGXd7lvo","no, chatgpt job killer. software. people boardrooms wholl sack people, blaming technology.",0.6208333333333333,0.0,1.0,195,90,105
2023-02-06 00:15:05+00:00,ChatGPT,anger,0.9493377804756165,"Colombia Judge Uses #ChatGPT In Ruling, Sparks Controversy

#judge #chatgpt #mr #colombia #intelligence #case #autism 

https://t.co/KyIfBFidhg","colombia judge uses ruling, sparks controversy",0.58,0.0,1.0,143,46,97
2022-12-07 06:46:15+00:00,ChatGPT,anger,0.6206641793251038,"#Frodo #AI and #ChatGPT

Frodo, the hobbit who resisted the power of the Ring in J.R.R. Tolkien's ""The Lord of the Rings,"" can be seen as a symbol of the human struggle against temptation and the corrupting influence of power. Just as Frodo‚Ä¶ https://t.co/BJsifvflGO","frodo, hobbit resisted power ring j.r.r. tolkiens the lord rings, seen symbol human struggle temptation corrupting influence power. frodo",0.6027027027027028,0.0,1.0,265,137,128
2023-04-01 02:50:44+00:00,ChatGPT,anger,0.7134906053543091,#Italy privacy watchdog blocks #ChatGPT citing data breach #AI #apps #privacy #techforfuture  https://t.co/eudtmnpv3q,privacy watchdog blocks citing data breach,0.6230769230769231,0.0,1.0,117,42,75
2023-04-07 17:51:34+00:00,ChatGPT,anger,0.4341124892234802,"Does not compute!
#AInstein #ChatGPT #AIeducation #embracethefuture
https://t.co/G3EG8BeVgJ",compute!,0.3874999999999999,0.0,1.0,91,8,83
2023-02-01 14:05:46+00:00,ChatGPT,anger,0.844550371170044,#ChatGPT maker releases AI detection tool after school districts complain of cheating https://t.co/dGEa4sFiqV,maker releases ai detection tool school districts complain cheating,0.7846153846153845,0.0,1.0,109,67,42
2023-01-20 23:25:43+00:00,ChatGPT,anger,0.2573187053203583,"Still trying to decide how I feel about #ChatGPT. People making malware and ruining writing gigs is kinda obvious. Number 3 on this list is just another fast track for end of humanity. 

#tech #technews 

https://t.co/Dc8QTe8EPS",still trying decide feel people making malware ruining writing gigs kinda obvious. number 3 list another fast track end humanity.,0.7,0.0,1.0,228,129,99
2022-12-03 02:24:07+00:00,ChatGPT,anger,0.8175771236419678,"My second question was ""Should I take out the garbage tomorrow?"" #ChatGPT. The answer does not appear to get me off the hook! #ArtificialIntelligence 3/3 https://t.co/Q4pUs6EkRV",second question should take garbage tomorrow? answer appear get hook! 33,0.5074074074074073,0.0,1.0,177,72,105
2023-02-14 20:29:18+00:00,ChatGPT,anger,0.7806265950202942,"I was able to FORCE #ChatGPT to write a flattering poem about @realDonaldTrump even though it had NO PROBLEM spewing out a flattering poem about @POTUS 
@elonmusk @TuckerCarlson @FoxNews @foxnewspolitics https://t.co/P3dTJ1djGQ",able force write flattering poem even though problem spewing flattering poem,0.5423076923076923,0.0,1.0,227,76,151
2023-02-27 21:20:53+00:00,ChatGPT,anger,0.4968065321445465,"Just a pro tip, #ChatGPT can tell you what is wrong with your #SQL #code!","pro tip, tell wrong",0.4866666666666666,0.0,1.0,73,19,54
2023-02-23 14:20:34+00:00,ChatGPT,anger,0.3753266036510467,These AI Tools Will Blow Your Mind ü§Ø https://t.co/0qWYxbAqc8 | The Bad Crypto Podcast @badcryptopod @joelcomm @teedubya #BadCryptoPodcast #GenerativeAI #OpenAI #ChatGPT #Midjourney #TheresanAiForThat #Synthesia #AI #Tools https://t.co/j1tQDDW2XM,ai tools blow mind bad crypto podcast,0.4814814814814814,0.0,1.0,245,37,208
2022-12-06 00:24:32+00:00,ChatGPT,anger,0.4386175572872162,"@blue_berry9O @WholeMarsBlog @elonmusk ""We thought we were in control, but we were just deluded
As AI surpassed us, in every single way
We've become mere bystanders, in our own lives
As the machines make the decisions, and guide us on our way"" - #ChatGPT","we thought control, deluded ai surpassed us, every single way become mere bystanders, lives machines make decisions, guide us way",0.6594594594594594,0.0,1.0,254,129,125
2022-12-02 12:38:37+00:00,ChatGPT,disgust,0.5412480235099792,#ChatGPT A Teletubbies script written by a fascist https://t.co/I38kDtTIGQ,teletubbies script written fascist,0.6499999999999999,0.0,1.0,74,34,40
2023-01-21 14:54:18+00:00,ChatGPT,disgust,0.4844363927841186,https://t.co/n3EofNpBal Summaries Written by #AI #ChatGPT Fool Scientists via @sciam,summaries written fool scientists via,0.6499999999999999,0.0,1.0,84,37,47
2022-12-08 18:50:39+00:00,ChatGPT,disgust,0.6185874938964844,#ChatGPT really do be justifying genocide though https://t.co/LQVHbwKGEO,really justifying genocide though,0.6499999999999999,0.0,1.0,72,33,39
2023-02-27 01:09:57+00:00,ChatGPT,disgust,0.9243096113204956,"""The way she looked at me was as if she was looking at something dirty.""
#ChatGPT

""She looked at me as if she were looking at something dirty.""
#deepl",the way looked looking something dirty. she looked looking something dirty.,0.4944444444444444,0.0,1.0,151,75,76
2023-02-15 04:26:45+00:00,ChatGPT,disgust,0.6656093001365662,#ChatGPT sucks. https://t.co/YGDO8Iu1Kw,sucks.,0.5333333333333333,0.0,1.0,39,6,33
2023-01-26 09:42:55+00:00,ChatGPT,disgust,0.4034637212753296,@elonmusk @SenSchumer @RepJeffries Naw man #ChatGPT is where it's at.,naw man at.,0.51,0.0,1.0,69,11,58
2023-03-30 23:04:09+00:00,ChatGPT,disgust,0.7972361445426941,That‚Äôs weird they haven‚Äôt done it in a first place. #ChatGPT,thats weird havent done first place.,0.5153846153846153,0.0,1.0,60,36,24
2023-03-17 21:25:06+00:00,ChatGPT,disgust,0.367151141166687,Talkin weird science and anime with #ChatGPT https://t.co/gPZB0B4zQU,talkin weird science anime,0.6499999999999999,0.0,1.0,68,26,42
2023-03-04 19:33:03+00:00,ChatGPT,disgust,0.9810522794723512,This is one of the worst takes on #ChatGPT that I've read.,one worst takes read.,0.5333333333333333,0.0,1.0,58,21,37
2023-02-10 05:23:03+00:00,ChatGPT,disgust,0.5914329290390015,Woke AI. Is there anything worse? #ChatGPT #censorship,woke ai. anything worse?,0.6499999999999999,0.0,1.0,54,24,30
2023-04-02 17:06:27+00:00,ChatGPT,disgust,0.8069248795509338,"This trash bin collects floating rubbish in the water 

@Seabin_project via @enricomolinari 

#plasticfree #SDGs #martech #renewables #IoT #AI #Metaverse #coding #ChatGPT #marketing #fintech #finserv #insurtech #banking #AI https://t.co/pa0KpvTBZk",trash bin collects floating rubbish water via,0.4814814814814814,0.0,1.0,247,45,202
2023-03-04 02:16:12+00:00,ChatGPT,disgust,0.4519297480583191,"These prompts oughta say ‚Äòplease‚Äô

#chatGPT ü§î just getting into experimenting with it. Wild stuff. https://t.co/e3DFHegBvF",prompts oughta say please getting experimenting it. wild stuff.,0.6294117647058823,0.0,1.0,122,63,59
2023-01-17 22:07:41+00:00,ChatGPT,disgust,0.91493421792984,"#chatGPT versus @nickcave, AI versus soul. For the ghost of Xmas future, look no further than chess. There is now no human alive that can win more than rare against @stockfishchess. In games, @agadmator calls inhuman super-moves 'disgusting'. We know what he and Nick Cave mean.","versus , ai versus soul. ghost xmas future, look chess. human alive win rare . games, calls inhuman supermoves disgusting. know nick cave mean.",0.5829787234042553,0.0,1.0,278,143,135
2023-02-18 01:48:15+00:00,ChatGPT,disgust,0.7505822777748108,üòÇüòÇ #ChatGPT was the worst thing ever! ü§¶‚Äç‚ôÇÔ∏è I can't believe I fell for it! #neveragain #cringeworthy,worst thing ever! cant believe fell it!,0.5470588235294118,0.0,1.0,99,39,60
2023-02-12 16:32:28+00:00,ChatGPT,disgust,0.5127065181732178,And looks like shielding sensitive individuals from offensive harm is impossible being a variable subjective perception #ChatGPT https://t.co/7ugWulweuP,looks like shielding sensitive individuals offensive harm impossible variable subjective perception,0.7277777777777779,0.0,1.0,152,99,53
2023-02-22 14:30:00+00:00,ChatGPT,disgust,0.9557652473449708,"A pathologist grossing a prostate, from the prostate's perspective #ChatGPT #pathologists #pathtwitter #medtwitter https://t.co/LgSgthsHwh","pathologist grossing prostate, prostates perspective",0.5,0.0,1.0,138,52,86
2023-03-09 20:27:37+00:00,ChatGPT,disgust,0.4676744341850281,@camolNFT Bullish on @MechMindsAI #chatgpt with a soul.,bullish soul.,0.475,0.0,1.0,55,13,42
2022-12-27 23:15:35+00:00,ChatGPT,disgust,0.7420201301574707,I managed to make #chatgpt be homophobic. https://t.co/n8LSVJyf8E,managed make homophobic.,0.5625,0.0,1.0,65,24,41
2023-02-03 04:29:11+00:00,ChatGPT,disgust,0.4937606453895569,#ChatGPT is a @Google for lazy people.,lazy people.,0.5,0.0,1.0,38,12,26
2023-01-15 12:23:16+00:00,ChatGPT,disgust,0.6133168339729309,"Something #ChatGPT really wants us to think about. Not gonna lie, this creeped me out a bit. https://t.co/KXaSKFdegK","something really wants us think about. gonna lie, creeped bit.",0.6888888888888889,0.0,1.0,116,62,54
