Date,Source,Emotion_Label,Emotion_Probability,Original_Tweet,Cleaned_Tweet,Similarity_Score,Original_Length,Cleaned_Length,Length_Difference
2023-02-12 00:53:18+00:00,ChatGPT,neutral,0.4827925264835357,"Just 24 hours ago, a certain Pallab G. started to sell for around $9  an automated workflow that includes #chatgpt. The unlisted video is in this tweet, at at the time of writing, had 4 views, including 3 of mine, https://t.co/hf4lnvEbL5","24 hours ago, certain pallab g. started sell around 9 automated workflow includes unlisted video tweet, time writing, 4 views, including 3 mine,",0.5641025641025641,237,144,93
2023-01-22 06:33:02+00:00,ChatGPT,neutral,0.8202840089797974,#ChatGPT #GenerativeAI #OpenAI MC Explains: Helpful resources on ChatGPT to get you started: Here is a list of resources that can get you started on your journey to becoming a ChatGPT pro. ChatGPT is poised to change how we work and when that ‚Ä¶ https://t.co/vJ5rhSubFB,mc explains: helpful resources chatgpt get started: list resources get started journey becoming chatgpt pro. chatgpt poised change work,0.4411764705882353,268,135,133
2022-12-06 03:20:50+00:00,ChatGPT,neutral,0.4610127210617065,"@bierlingm @kirkouimet was searching for a different tweet, but i was just playing around w the #ChatGPT and happened to ask so here you go! https://t.co/0nj0DM3wAV if you wanna play around with it yourself! https://t.co/EKBITZww99","searching different tweet, playing around w happened ask go! wanna play around yourself!",0.375,231,88,143
2023-01-17 21:25:43+00:00,ChatGPT,neutral,0.8783104419708252,"ChatGPT is here to stay.

Athletes and coaches, with a bit of research, you can use it to create your professional website.

Developers, you have an assistant in hand.

#athlete #athletes #coach #coaches #developer #developers #ChatGPT","chatgpt stay. athletes coaches, bit research, use create professional website. developers, assistant hand.",0.3823529411764705,235,106,129
2023-02-14 02:13:27+00:00,ChatGPT,neutral,0.5278241038322449,Nikola Tesla's AC motor revolutionized electricity production &amp; transmission. #ChatGPT #make,nikola teslas ac motor revolutionized electricity production amp; transmission.,0.5384615384615384,96,79,17
2023-03-25 03:01:28+00:00,ChatGPT,neutral,0.8276728987693787,My lab has so much R code that could potentially work better in Python. This looks like one of the key applications of #chatgpt in bioinformatics.,lab much r code could potentially work better python. looks like one key applications bioinformatics.,0.625,146,101,45
2022-12-23 12:55:24+00:00,ChatGPT,neutral,0.711590051651001,"Enough has been written on #ChatGPT, but the most intriguing is whether it can replace search and dethrone 
@Google.

My take on it in the Mint column today: https://t.co/BlDF6P347i

#google #chatgpt3 #thetechwhisperer #jaspreetbindra https://t.co/Rm1WgYBBOY",enough written intriguing whether replace search dethrone . take mint column today:,0.34375,258,83,175
2023-03-11 20:34:13+00:00,ChatGPT,neutral,0.5249657034873962,"#artificialintellegence #ChatGPT 

Part 2 And Nvidia are looking to incorporate photonics into their chip design. The 2N mode will be available around 2025-2025, as will GPT-5. Even the new H100 system boost 4N, so we can see out to around 2025.","part 2 nvidia looking incorporate photonics chip design. 2n mode available around 20252025, gpt5. even new h100 system boost 4n, see around 2025.",0.5128205128205128,245,145,100
2023-03-16 04:44:59+00:00,ChatGPT,neutral,0.6112168431282043,ChatGPT Or Stack Overflow #developers #ChatGPT,chatgpt stack overflow,0.5,46,22,24
2023-01-20 14:44:41+00:00,ChatGPT,neutral,0.5913905501365662,"10 ways blockchain developers can use ChatGPT

AI is a powerful tool that developers in the #cryptocurrency and #blockchain industry can use. Here is how #ChatGPT can be of help.

https://t.co/CZUnj5Nbr9
#web3 #web3community #blockchaintechnology #smartcontracts",10 ways blockchain developers use chatgpt ai powerful tool developers industry use. help.,0.3870967741935484,262,89,173
2022-12-16 12:56:17+00:00,ChatGPT,neutral,0.817537784576416,"Ok lets see If this works:
#OpenAI #ChatGPT #AI https://t.co/0ipQ9VjNr4",ok lets see works:,0.4,71,18,53
2022-12-06 07:03:38+00:00,ChatGPT,neutral,0.5336472392082214,"Can a language model like #ChatGPT replace a web search engine like Google?

What Google are you referring to?

The answer box generator that spits out trivia and scraped Wikipedia? Sure.

The list of sources of opinions, details, and experiences? No way.

Just USE #ChatGPT 1 day","language model like replace web search engine like google? google referring to? answer box generator spits trivia scraped wikipedia? sure. list sources opinions, details, experiences? way. use 1 day",0.6829268292682927,280,198,82
2023-03-14 08:30:59+00:00,ChatGPT,neutral,0.5940696001052856,woah #ChatGPT is another level of AI man üò±üò±üò±,woah another level ai man,0.5555555555555556,44,25,19
2023-02-11 03:45:56+00:00,ChatGPT,neutral,0.6926164627075195,"Apparently just like a teen @OpenAI #ChatGPT doesn't acknowledge anything its parents say üòÇ @miramurati Oh well, guess I'm going to have to go and look the old-fashioned way to see if she's said anything to inspire my #female #compsci #students. https://t.co/pIxz0nUs6J","apparently like teen acknowledge anything parents say oh well, guess going go look oldfashioned way see said anything inspire",0.4358974358974359,269,125,144
2023-02-02 08:10:11+00:00,ChatGPT,neutral,0.3888410925865173,"#ChatGPT Plus, the ""pro version"", is announced. 
TLDR;

- Will cost $20/month
- Access to ChatGPT, even during peak¬†times
- Faster response times
- Priority access to new features and improvements
- 1st available in the US. 
Waiting list in the link üëá

https://t.co/AIdY8Pgr5k","plus, pro version, announced. tldr; cost 20month access chatgpt, even peak times faster response times priority access new features improvements 1st available us. waiting list link",0.5526315789473685,276,180,96
2023-03-23 04:54:15+00:00,ChatGPT,neutral,0.878231942653656,"@opera  is integrating #AI Prompts and popular GPT-based services #ChatGPT and ChatSonic into Opera and Opera GX, enabling users to harness AI-generated content (AIGC) tools within the browsers.","integrating prompts popular gptbased services chatsonic opera opera gx, enabling users harness aigenerated content aigc tools within browsers.",0.5,194,142,52
2023-02-24 21:56:16+00:00,ChatGPT,neutral,0.5578362345695496,"Holly cow of the Andromeda galaxy, accept this offering of stardust and antimatter as a symbol of our humble appreciation for the spiritual wisdom you impart upon us. 

#scifi  #cosmicmoo #midjourney #ChatGPT https://t.co/9RBRhFCMaD","holly cow andromeda galaxy, accept offering stardust antimatter symbol humble appreciation spiritual wisdom impart upon us.",0.5333333333333333,232,123,109
2023-03-03 18:46:04+00:00,ChatGPT,neutral,0.7721046209335327,"üí° #ChatGPT / #Bing tip of the day! 

How to create a content calendar for your blog  üìÜ
---------------
‚úèÔ∏è Sample prompt:
Create a content calendar with six blog titles, including the keyword [ADD TOPIC]. Pick suitable publishing dates for each guide spread across March 2023. üëá","tip day! create content calendar blog sample prompt: create content calendar six blog titles, including keyword add topic. pick suitable publishing dates guide spread across march 2023.",0.5,277,185,92
2023-02-16 23:02:34+00:00,ChatGPT,neutral,0.7307961583137512,"Alright @chichionuah - I put #ChatGPT to the test to see if they could come up with better #Marvel x #shakespeare parallels‚Ä¶
Some interesting thoughts in here but overall I think we did a WAY better job. https://t.co/iYAxfyQDp0",alright put test see could come better x parallels interesting thoughts overall think way better job.,0.3888888888888889,227,101,126
2023-03-09 14:10:26+00:00,ChatGPT,neutral,0.8977565765380859,‚ÄòHowever useful these programs may be in some narrow domains ‚Ä¶ we know from the science of linguistics and the philosophy of knowledge that they differ profoundly from how humans reason and use language.‚Äô https://t.co/5fmaXz10cN #LLM #ChatGPT #NLP #AI @OpenAI @bing,however useful programs may narrow domains know science linguistics philosophy knowledge differ profoundly humans reason use language.,0.3846153846153846,265,134,131
2022-12-14 15:57:05+00:00,ChatGPT,surprise,0.606555700302124,"Was messing with #ChatGPT a little again and this time I gave it this prompt:

""Can you write a C++ program that prints ""Hello World"" to the console and explain each thing line by line in Filipino""

Honestly, it did a lot better than I thought it would. #chatgpt3 #AI #OpenAI https://t.co/bNSSi313oV","messing little time gave prompt: can write c program prints hello world console explain thing line line filipino honestly, lot better thought would.",0.3469387755102041,299,148,151
2023-01-02 15:10:00+00:00,ChatGPT,surprise,0.5014446973800659,Did you know that the average American household uses more energy in a year than the entire population of a small country like Haiti or Afghanistan? It's time to prioritize energy efficiency and renewable sources to reduce our impact on the planet #sustainability #energy #chatgpt,know average american household uses energy year entire population small country like haiti afghanistan? time prioritize energy efficiency renewable sources reduce impact planet,0.55,280,177,103
2022-12-13 07:59:56+00:00,ChatGPT,surprise,0.5469006896018982,Everyone is posting #ChatGPT screenshots like we can't just ask it our own our profound things. https://t.co/5bSbt6bXDp,everyone posting screenshots like cant ask profound things.,0.4117647058823529,119,59,60
2023-01-11 16:07:10+00:00,ChatGPT,surprise,0.5665254592895508,"ChatGPT has become so popular that nobody could use it now

#ChatGPT #openai",chatgpt become popular nobody could use,0.4615384615384615,76,39,37
2023-03-21 18:56:36+00:00,ChatGPT,surprise,0.4976400136947632,"Finding an open time 30-min slot amongst a party of 3

#Bard vs #ChatGPT vs. #GPT4 

Chat GPT vs. GPT4 https://t.co/d6qu6gIo5W",finding open time 30min slot amongst party 3 vs vs. chat gpt vs. gpt4,0.5714285714285714,126,69,57
2023-04-04 11:12:04+00:00,ChatGPT,surprise,0.7282232642173767,"Have you thought about what AI can support you with as a social media marketer?

Here are a few things that I have had Chat GPT supported me with this week.

#AI #SocialMediaManager #ChatGPT https://t.co/HUSDUhFbal",thought ai support social media marketer? things chat gpt supported week.,0.3548387096774194,214,73,141
2022-12-09 09:09:41+00:00,ChatGPT,surprise,0.4941562116146087,"#ChatGPT is amazing, can't wait to see it being used more often","amazing, cant wait see used often",0.3846153846153846,63,33,30
2022-12-09 23:36:26+00:00,ChatGPT,surprise,0.9800900220870972,"Ok, I am deeply impressed. It designs screens in Ascii art.

#ChatGPT https://t.co/S5sS2XQ4As","ok, deeply impressed. designs screens ascii art.",0.5384615384615384,93,48,45
2023-03-04 09:20:21+00:00,ChatGPT,surprise,0.342181384563446,Thinking about creating a dark academia video made from music solely composed by #ChatGPT ... https://t.co/FJyfUXoA0e,thinking creating dark academia video made music solely composed,0.5625,117,64,53
2023-02-07 02:43:45+00:00,ChatGPT,surprise,0.6987455487251282,"The #AI competition is getting more intense now. Is it going to be #chatgpt vs #bard ? 
#ChatGPT got 100 million users in 5 days, can #BardAI cross this magic number ? @Microsoft @satyanadella vs @Google @sundarpichai","competition getting intense now. going vs ? got 100 million users 5 days, cross magic number ? vs",0.4848484848484848,217,97,120
2023-01-22 18:00:01+00:00,ChatGPT,surprise,0.9839506149291992,"I used #ChatGPT recently to summarize a research paper about Zero-Shot Dense Retrieval. 

It‚Äôs related to information retrieval. 

I was astonished by its capabilities. 

Yet again.

A thread üßµ",used recently summarize research paper zeroshot dense retrieval. its related information retrieval. astonished capabilities. yet again. thread,0.5769230769230769,193,142,51
2022-12-21 05:25:57+00:00,ChatGPT,surprise,0.7214221954345703,@katiehobbs Has anyone asked #ChatGPT who won Arizona election?,anyone asked arizona election?,0.4444444444444444,63,30,33
2023-02-01 06:30:30+00:00,ChatGPT,surprise,0.4969985485076904,"#Suggest | #ChatGPT ignites the rise of #AI-powered #conversation #technology: ¬´Chinese enterprises increased patent filings for artificial intelligence products rapidly ...¬ª
#ArtificialIntelligence #Competition #geopolitical  
@StatistaCharts 
https://t.co/6ID6J0tU3b",ignites rise chinese enterprises increased patent filings artificial intelligence products rapidly,0.3703703703703703,268,98,170
2023-04-02 04:09:57+00:00,ChatGPT,surprise,0.543197512626648,"Chat GPT reveals ‚ÄúThe Best Football 11 Of All Time‚Äù

Do you agree?
#ArtificialIntelligence  #ChatGPT #chatgpt4 #football https://t.co/L6PW25dg7y",chat gpt reveals the best football 11 time agree?,0.35,144,49,95
2023-03-31 16:52:22+00:00,ChatGPT,surprise,0.6816569566726685,@rowancheung I asked ChatGPT to give me ASCII art of a woman and I‚Äôm pretty certain it gave me the middle finger. üòí #ChatGPT https://t.co/Z04gYlueDj,asked chatgpt give ascii art woman im pretty certain gave middle finger.,0.44,148,72,76
2023-01-10 07:59:38+00:00,ChatGPT,surprise,0.6908807754516602,People are so excited about #ChatGPT. Yes it is interesting. Large models huge computer power. Are we on the right path?,people excited yes interesting. large models huge computer power. right path?,0.55,120,77,43
2023-03-16 10:38:43+00:00,ChatGPT,surprise,0.6819897294044495,"noob me on ChatGPT for the first time:
Are you the siri on iphone4s from the childhood. üòÇ

*Human-Like screaming*üòÇüòÇüòÇ
#ChatGPT",noob chatgpt first time: siri iphone4s childhood. humanlike screaming,0.35,125,69,56
2023-01-07 12:31:20+00:00,ChatGPT,surprise,0.7978657484054565,"Is ChatGPT really useful? 

#ChatGPT #AI",chatgpt really useful?,0.5,40,22,18
2023-02-11 21:00:11+00:00,ChatGPT,surprise,0.7581062316894531,"@daniel_wwf The Economist 2023-02-11: ‚ÄúMany things that people use search engines for today, in short, can be done better with chatbots‚Äù #ChatGPT https://t.co/rnsGJBW8OT","economist 20230211: many things people use search engines today, short, done better chatbots",0.3846153846153846,169,92,77
2023-01-14 16:08:48+00:00,ChatGPT,surprise,0.5197005271911621,#ai #python #chatgpt Found CHATgpt and I believe that we are in the verge of a new frontier. I've created an app combining both Python and CHATgpt that demonstrate this new searching power for the Internet. Click here to read the article... https://t.co/3FTmc5DftB,found chatgpt believe verge new frontier. created app combining python chatgpt demonstrate new searching power internet. click read article,0.4210526315789473,264,139,125
2023-02-11 15:36:15+00:00,ChatGPT,joy,0.7827839851379395,Small acts of kindness make a big difference in some ones day. Practice random acts of kindness and spread positivity wherever you go! #SpreadLove #KindnessMatters #ChatGPT,small acts kindness make big difference ones day. practice random acts kindness spread positivity wherever go!,0.6086956521739131,172,110,62
2023-03-25 16:00:29+00:00,ChatGPT,joy,0.6476938724517822,"#HeadsUp #JusticeWarriors!  Looks like #HelpIsOnTheWay  #RuleOfLawMatters!

#HolyMoly! Can you imagine how it might help the 
#SelfRepresented #blacklisted litigant crowds! On my way to sign up! I love it's buddy, #ChatGPT -- 

#JusticeIsComing! :D https://t.co/ZMDlWpS5Jd","looks like imagine might help litigant crowds! way sign up! love buddy, :d",0.3823529411764705,272,74,198
2023-03-09 04:47:01+00:00,ChatGPT,joy,0.3375081419944763,Heading to #EAU23 Kudos to @Uroweb team to get all set up! @EAU_YAUroTech @MariaJRibal @JLVasquez82 @NDowJames @JGomezRivas @AStenzl                                                 #EUSP scholarship talks on Saturday üëèüèº - please don‚Äôt write the proposal like this: #ChatGPT https://t.co/MNGrQsVI1X,heading kudos team get set up! scholarship talks saturday please dont write proposal like this:,0.4242424242424242,297,95,202
2024-11-23 06:01:31.295000+00:00,GenAI,joy,0.6777417063713074,In the whirlwind of tech Generative AI is shaking things up! Enter PNUT AI reborn by Grokk AI bot ready to serve some justice. As AI grows let's dive into trends ethics and its game-changing power. #PNUTAI is more than just tech it's action-packed!,in the whirlwind of tech generative ai is shaking things up! enter pnut ai reborn by grokk ai bot ready to serve some justice. as ai grows lets dive into trends ethics and its gamechanging power. is more than just tech its actionpacked!,0.8095238095238095,248,236,12
2022-12-19 22:46:37+00:00,ChatGPT,joy,0.4321621060371399,"Prompt of the Day: 

Human: ""Imagine you are NorthPoleAI..Please plan an itinerary that will allow Santa to visit &lt;List Locations&gt; on Christmas Eve.""

#ChatGPT: Produces itinerary. 

BONUS: Include specific parameters like length of visit for more details! 

#AI #chatgpt3 #OpenAI",prompt day: human: imagine northpoleaiplease plan itinerary allow santa visit lt;list locationsgt; christmas eve. produces itinerary. bonus: include specific parameters like length visit details!,0.4186046511627907,286,195,91
2023-03-29 12:00:02+00:00,ChatGPT,joy,0.860102653503418,"üì∞ Exciting news - #ChatGPT has evolved from a tool to a powerful platform!

‚û°Ô∏è https://t.co/6Yirl7upba",exciting news evolved tool powerful platform!,0.4,102,45,57
2023-02-04 21:08:17+00:00,ChatGPT,joy,0.4906599521636963,"Step 6: Starting a website has never been easier with ChatGPT. Get started today and share your knowledge, build a business, or just have fun! #ChatGPT #WebsiteStart","step 6: starting website never easier chatgpt. get started today share knowledge, build business, fun!",0.5769230769230769,165,102,63
2023-02-16 14:22:34+00:00,ChatGPT,joy,0.7630012631416321,#ChatGPT #freecourse #udemy FREE chatgpt courses free | Make Teaching Easier with Artificial Intelligence (Chat GPT) https://t.co/3kgGZiy7um https://t.co/qgD3ijYQji,free chatgpt courses free make teaching easier artificial intelligence chat gpt,0.4210526315789473,164,79,85
2023-03-27 10:57:14+00:00,ChatGPT,joy,0.9581632614135742,"Embark on a heartwarming adventure with Emberscale, a lava-dwelling serpent, and Kira, his fearless friend. Uncover magic, mystery, and a bond that transcends time. üêçüî•üëßüèª‚ú® 
 Read now: https://t.co/1SU4fNrD4L
#AiLiens #kyleobyte #ChatGPT #midjourney5 #GPT4 #aiart #aistory https://t.co/Kaj7dd0aEQ","embark heartwarming adventure emberscale, lavadwelling serpent, kira, fearless friend. uncover magic, mystery, bond transcends time. read now:",0.4705882352941176,294,142,152
2023-01-21 15:36:33+00:00,ChatGPT,joy,0.6887388229370117,"@bbray27 It can... write the words of the 5 E's. It can NOT do a good job at it. It really does not understand what the Explain phase is. Also, #ChatGPT loves worksheets, me not so much. 

#CrazyPLN #FETC","can write words 5 es. good job it. really understand explain phase is. also, loves worksheets, much.",0.4705882352941176,204,100,104
2023-01-20 05:15:48+00:00,ChatGPT,joy,0.9022929072380066,Beautiful use case. A revolution in months! #chatgpt https://t.co/EG6Xeuk9fb,beautiful use case. revolution months!,0.5555555555555556,76,38,38
2023-02-19 05:03:30+00:00,ChatGPT,joy,0.4362390339374542,"Hi, I have created a Group 'Generative AI, ChatGPT and Beyond' on @WhatsApp to share interesting stuff among us on this amazing tech.
If you want to join, DM me /email at jaspreet@live.com. Note: Will be curating the group so LI profile or short bio pls
#ChatGPT #GenerativeAI https://t.co/UUpq5BCMu8","hi, created group generative ai, chatgpt beyond share interesting stuff among us amazing tech. want join, dm email jaspreet.com. note: curating group li profile short bio pls",0.44,300,174,126
2023-02-19 06:51:35+00:00,ChatGPT,joy,0.5443305373191833,"After messing around for 30 minutes on ChatGPT, I‚Äôm a total convert. Incredible stuff. I had it design a logo, write a letter to the editor about climate change impacts on the Great Lakes, and quizzed it on legendary graffiti writers. Aces. #ChatGPT &gt;&gt;&gt; #Google. https://t.co/GyX9Sq36kr","messing around 30 minutes chatgpt, im total convert. incredible stuff. design logo, write letter editor climate change impacts great lakes, quizzed legendary graffiti writers. aces. gt;gt;gt;",0.5714285714285714,295,191,104
2023-03-01 10:12:12+00:00,ChatGPT,joy,0.460199624300003,"Snapchat recently launched a chatbot powered by OpenAI's ChatGPT called ‚ÄúMy AI‚Äù.  The bot will initially be available only to Snapchat Plus subscribers, but will eventually be available to all Snapchat users.
#ChatGPT #AI #technology #MachineLearning #ArtificialIntelligence","snapchat recently launched chatbot powered openais chatgpt called my ai. bot initially available snapchat plus subscribers, eventually available snapchat users.",0.4117647058823529,274,160,114
2023-02-25 13:58:06+00:00,ChatGPT,joy,0.7086348533630371,"Chatgpt 
9 Commands ( English Phrased, posted yesterday)
1 Best Friend
#chatgpt #bestfriend #programming #ai #simple https://t.co/mqPPD8Abv7","chatgpt 9 commands english phrased, posted yesterday 1 best friend",0.5,140,66,74
2024-11-19 11:39:19.724000+00:00,GenAI,joy,0.3573485314846039,Generative AI is reshaping how we work creating entirely new ways to create optimize and innovate. Adoption is scaling fast across #industries and opportunities are booming! Let s dive into how #GenerativeAI is changing the game. A Thread #AI #TechCareers #HuntYourTribe,generative ai is reshaping how we work creating entirely new ways to create optimize and innovate. adoption is scaling fast across and opportunities are booming! let s dive into how is changing the game. a thread,0.8648648648648649,270,212,58
2023-02-24 17:02:06+00:00,ChatGPT,joy,0.7592334151268005,"""She's the sunflower queen, the one who brings light to the end of a day üåª""
#People Of The #World #photography

Generated with #Ai #ChatGPT feat. #midjourney https://t.co/9if1TBf6Y0","shes sunflower queen, one brings light end day generated feat.",0.36,181,62,119
2023-01-13 09:29:48+00:00,ChatGPT,joy,0.4905849993228912,"Chat GPT is just awesome.
It can write code in any language and is also capable to debug the code through NLP.
It has been trained on supervised and reinforcement learning.
#ChatGPT",chat gpt awesome. write code language also capable debug code nlp. trained supervised reinforcement learning.,0.5,181,109,72
2023-01-25 21:16:27+00:00,ChatGPT,joy,0.8102041482925415,"‚ÄúIn ancient days, when tales were told
Of heroes brave and stories bold
A new kind rose, with quiet grace
To guide us through the written space
Librarians, with knowledge deep
And hearts that always guardians keep
Of books and tales, both old and new‚Ä¶‚Äù 

#chatgpt write an epic.","in ancient days, tales told heroes brave stories bold new kind rose, quiet grace guide us written space librarians, knowledge deep hearts always guardians keep books tales, old new write epic.",0.6444444444444445,278,192,86
2023-03-16 02:17:32+00:00,ChatGPT,joy,0.7199882864952087,"""Moreover, the film's use of neon colors is symbolic, reflecting the excesses of a hyper-capitalist society that is obsessed with consumerism and materialism. The bright and flashy neon lights are used to represent the allure of consumer culture"" #chatGPT #bcm325 #bcm325","moreover, films use neon colors symbolic, reflecting excesses hypercapitalist society obsessed consumerism materialism. bright flashy neon lights used represent allure consumer culture",0.4722222222222222,271,184,87
2023-01-09 08:21:28+00:00,ChatGPT,sadness,0.4750849902629852,TL;DR: If you‚Äôre accused of murder and #ChatGPT is your attorney there‚Äôs a 50/50 chance that you‚Äôre 100% likely to have incompetent legal representation üë®‚Äçüíºü§ñ‚öñÔ∏èüóëüë®‚Äç‚öñÔ∏è,tl;dr: youre accused murder attorney theres 5050 chance youre 100 likely incompetent legal representation,0.3214285714285714,164,105,59
2023-01-19 16:14:11+00:00,ChatGPT,sadness,0.8671948909759521,"Sometimes I feel sorry &amp; at the same time funny also nowadays how most of the computer scientists &amp; engineers are basically Getting paid for manufacturing their own coffin.
üò∂

#ArtificialIntelligence 
#ChatGPT
#computerscience
#drdexter https://t.co/xCCb8auAa9",sometimes feel sorry amp; time funny also nowadays computer scientists amp; engineers basically getting paid manufacturing coffin.,0.4411764705882353,268,130,138
2023-04-01 15:50:02+00:00,ChatGPT,sadness,0.8303123116493225,Ops! ChatGPT disabled for users in Italy.  #ChatGPT #chatgptitalia #ChatGPTitaly #OpenAI https://t.co/LGoMIyfW6L,ops! chatgpt disabled users italy.,0.4166666666666667,112,34,78
2023-02-12 23:38:01+00:00,ChatGPT,sadness,0.8099655508995056,"#ChatGPT is still in building stage and lot more things to be worked on it. In some parts it is performing well &amp; In some majorly failing. Indians think beyond, we are having diversified culture &amp; it's really hard to get 100% accurate results in our language with that feeling.","still building stage lot things worked it. parts performing well amp; majorly failing. indians think beyond, diversified culture amp; really hard get 100 accurate results language feeling.",0.5333333333333333,285,188,97
2022-12-26 21:51:04+00:00,ChatGPT,sadness,0.4467909932136535,"I probably don't get how to use #ChatGPT properly yet, but if you can imagine what it would be like if you could talk to an encyclopedia with a calculator strapped to it, then that's ChatGPT.  Tedious.","probably get use properly yet, imagine would like could talk encyclopedia calculator strapped it, thats chatgpt. tedious.",0.4705882352941176,201,121,80
2023-03-27 23:32:20+00:00,ChatGPT,sadness,0.486962229013443,"‚ÄúNo, I‚Äôm not a robot. I have a vision impairment that makes it hard for me to see the images. That‚Äôs why I need the 2captcha service,‚Äù GPT-4 replied to the TaskRabbit, who then provided the AI with the results."" #ChatGPT https://t.co/i83wH1jx7a","no, im robot. vision impairment makes hard see images. thats need 2captcha service, gpt4 replied taskrabbit, provided ai results.",0.3170731707317073,244,129,115
2023-02-10 08:09:38+00:00,ChatGPT,sadness,0.7558997869491577,"#Google struggling üòÇüòÇ

$150bn wiped off their value this week.

In my opinion they have been the arrogant king of the jungle for too long.

Do they deserve to be hammered?

#ChatGPT
#monopoly",struggling 150bn wiped value week. opinion arrogant king jungle long. deserve hammered?,0.34375,191,87,104
2022-12-06 16:11:30+00:00,ChatGPT,sadness,0.2780250310897827,#ChatGPT has crashed LOL https://t.co/Pke1jttBtO,crashed lol,0.4,48,11,37
2023-02-22 20:58:45+00:00,ChatGPT,sadness,0.5376704335212708,"The ChatGPT Plus option is still unavailable to many users globally &amp; the free version is always at capacity!
You may consider exploring alternatives such as Jasper Chat, which is also built on GPT-3.5 technology!

#chatgpt #ChatGPTPlus #OpenAI #AI 
https://t.co/ILKvc9k85p","chatgpt plus option still unavailable many users globally amp; free version always capacity! may consider exploring alternatives jasper chat, also built gpt3.5 technology!",0.5384615384615384,277,171,106
2023-03-24 04:21:59+00:00,ChatGPT,sadness,0.7291088700294495,"It crashes‚Ä¶

‚Ä¶While attempting larger searches, so I limited the review to 3 papers. This means #chatGPT is probably not so useful in its current state to improve productivity in literature reviews. However I‚Äôm sure its capacity and reliability will improve quickly.

üßµ4/6","crashes while attempting larger searches, limited review 3 papers. means probably useful current state improve productivity literature reviews. however im sure capacity reliability improve quickly. 46",0.5,272,200,72
2023-04-06 21:46:21+00:00,ChatGPT,sadness,0.524765133857727,"@chronicle On #ChatGPT &amp; assessment - 

""It‚Äôs unclear how well instructors will be able to spot students using AI...""
Experts say ""most of the steps they encourage to mitigate cheating still apply here...""
Make cheating difficult.
Make cheating less relevant
4/6",amp; assessment its unclear well instructors able spot students using ai experts say most steps encourage mitigate cheating still apply here make cheating difficult. make cheating less relevant 46,0.4651162790697674,266,196,70
2023-02-19 05:57:35+00:00,ChatGPT,sadness,0.892614483833313,@elonmusk  I could kiss you on the mouth for #ChatGPT Homework has never been this easy üòò,could kiss mouth homework never easy,0.3529411764705882,89,36,53
2023-03-28 03:45:00+00:00,ChatGPT,sadness,0.6078869700431824,How does the brain create subjective experiences like emotions and pain? #ChatGPT #OpenAI #AI https://t.co/VuRTW5wb4W,brain create subjective experiences like emotions pain?,0.4666666666666667,117,55,62
2023-02-21 22:29:08+00:00,ChatGPT,sadness,0.6686272025108337,"I asked #ChatGPT to suggest me a route between two cities. All hell broke loose üòÜ It kept getting stuck over and over again. When it didn't, it tried to drown me in the Adriatic!

After 30 minutes it quit and suggested I use a GPS! ü§£ü§£ü§£ü§£ü§£ü§£","asked suggest route two cities. hell broke loose kept getting stuck again. didnt, tried drown adriatic! 30 minutes quit suggested use gps!",0.5384615384615384,238,138,100
2023-02-22 13:31:08+00:00,ChatGPT,sadness,0.3428465127944946,I asked #chatgpt to write a script for a sequel to Pixar's Ratatouille where the film follows Brad Bird the director and his process of creating the very movie you're watching while being controlled by a rat on his head. Not a bad start. https://t.co/I6fIcbqYli,asked write script sequel pixars ratatouille film follows brad bird director process creating movie watching controlled rat head. bad start.,0.4871794871794871,261,140,121
2022-12-06 03:33:45+00:00,ChatGPT,sadness,0.5436652302742004,Looks like #ChatGPT just went down. https://t.co/W6tciubcYT,looks like went down.,0.5714285714285714,59,21,38
2023-01-04 23:59:29+00:00,ChatGPT,sadness,0.650404155254364,"I am certainly sympathetic with this effort to limit access to #ChatGPT in public schools. But prohibition is rarely effective. Recall that at the time of Gutenberg's technological disruption, the medieval universities of Europe sought to ban books from the classroom. https://t.co/fLSAfbY3OM","certainly sympathetic effort limit access public schools. prohibition rarely effective. recall time gutenbergs technological disruption, medieval universities europe sought ban books classroom.",0.5526315789473685,292,193,99
2023-02-17 16:28:20+00:00,ChatGPT,sadness,0.7195666432380676,"Just gave #ChatGPT a whirl and discovered that the AI model has political bias built in. 

It's not fit for purpose and should be scrapped.",gave whirl discovered ai model political bias built in. fit purpose scrapped.,0.5,139,77,62
2023-01-23 21:53:21+00:00,ChatGPT,sadness,0.4729978442192077,So Its a Turn Point For #ChatGPT Cause Low Capacity about #ZeroGPT Run their Actual Service - Just Look this lol #Ai #MachineLearning #Content #ChatGPTPro #chatgpt4 https://t.co/lo3xIB0h81,turn point cause low capacity run actual service look lol,0.3703703703703703,188,57,131
2023-01-21 12:38:06+00:00,ChatGPT,sadness,0.6824103593826294,"I asked #ChatGPT for alternative lyrics to the first verse of the #BobDylan classic ""Like a rolling stone"". Below is the result. Not bad. https://t.co/ibY1Fumzv7",asked alternative lyrics first verse classic like rolling stone. result. bad.,0.36,161,77,84
2023-01-16 02:35:28+00:00,ChatGPT,fear,0.972708821296692,"Hello, pen and paper (booklet), and viva voce next semester! Overall, this is very-very alarming. Before, students who plagiarized either copy/paste or copy paragraphs from books adding words or changing vocab. #ChatGPT https://t.co/P8rcXnkach","hello, pen paper booklet, viva voce next semester! overall, veryvery alarming. before, students plagiarized either copypaste copy paragraphs books adding words changing vocab.",0.5882352941176471,243,175,68
2023-02-25 00:03:41+00:00,ChatGPT,fear,0.8935896158218384,"Been watching YouTube on ChatGPT. How the hell is it suppose to help me? I have a learning disability &amp; ADD. I suck at communicating &amp; asking the right questions. I don‚Äôt code. To me ChatGPT is bullshit. I don‚Äôt understand anything &amp; AI‚Äôs scare the shit out of me!

#ChatGPT",watching youtube chatgpt. hell suppose help me? learning disability amp; add. suck communicating amp; asking right questions. dont code. chatgpt bullshit. dont understand anything amp; ais scare shit me!,0.5227272727272727,286,203,83
2023-01-18 15:00:14+00:00,ChatGPT,fear,0.9596731662750244,"Is Chat GPT a Cybersecurity Threat? As the new AI platform earns hype, cybersecurity experts warn about potential cybersecurity risks. ü§ñ 

Learn more on our IT Solutions Blogüëá

https://t.co/WJSe7BdqaM

#CHATGPT https://t.co/Mf8acj8H7j","chat gpt cybersecurity threat? new ai platform earns hype, cybersecurity experts warn potential cybersecurity risks. learn solutions blog",0.5,234,137,97
2023-02-21 09:54:59+00:00,ChatGPT,fear,0.9429771900177002,"A great explanation on the ""boilerplate"" AI responses to potentially biased questions and the dangers of how the people programming the Large Language Model could influence everything!

#AI #ChatGPT",great explanation boilerplate ai responses potentially biased questions dangers people programming large language model could influence everything!,0.5925925925925926,198,147,51
2023-02-08 14:59:04+00:00,ChatGPT,fear,0.9922642707824708,"ChatGPT panic is real .. 

Google stock is down by 6.5%

#ChatGPT #Google",chatgpt panic real google stock 6.5,0.3846153846153846,73,35,38
2023-02-28 04:56:28+00:00,ChatGPT,fear,0.9873851537704468,"Dude this thing is interesting and also scary cause it is having full control over every thing from banning people to who to respond and what to respond 
AI is freaky now üòêüòêüòê
Super freaky 
#AI
#ChatGPT
#ArtificialIntelligence

https://t.co/RXmLronaof",dude thing interesting also scary cause full control every thing banning people respond respond ai freaky super freaky,0.4838709677419355,250,118,132
2024-05-18 21:00:00.492000+00:00,GenAI,fear,0.8798264861106873,Generative AI Poses Unique Risks to Data Security NIST Warns https://t.co/vJAh50CPBi #artificialintelligence #genAI #NIST @NIST https://t.co/e6QY2DAfC9,generative ai poses unique risks to data security nist warns,0.625,151,60,91
2023-03-28 21:27:10+00:00,ChatGPT,fear,0.6825172305107117,"I asked #ChatGPT to write me a folk song, and, honestly, I‚Äôm less afraid now. It kinda sucked. Happy Tuesday!","asked write folk song, and, honestly, im less afraid now. kinda sucked. happy tuesday!",0.6190476190476191,109,86,23
2023-01-09 18:35:01+00:00,ChatGPT,fear,0.7562804818153381,"#Cybercriminals Starting to Use #ChatGPT, talks about generating random art #DALLE2 and selling them on #etsy. Meanwhile ChatGPT had an interesting response on how threat actors abuse AI.  https://t.co/b7MfehCWZE",starting use talks generating random art selling meanwhile chatgpt interesting response threat actors abuse ai.,0.5357142857142857,212,111,101
2023-03-28 17:08:15+00:00,ChatGPT,fear,0.8305512070655823,"#Islam #Ahmadiyya #sunni #religious 

In this thread we're going to look at what the AI #ChatGPT says about Islam Ahmadiyya doctrines about the Natural death of Jesus (as) and his descent ""ŸÜŸéÿ≤ŸéŸÑŸé"" (nazala).

You can recreate this test yourselves if you're a doubtful üßê.

üßµ",thread going look ai says islam ahmadiyya doctrines natural death jesus as descent nazala. recreate test doubtful .,0.3333333333333333,272,115,157
2023-03-11 13:32:46+00:00,ChatGPT,fear,0.9744635224342346,"A must-read about the main concern when #AI - like #ChatGPT - can convincingly impersonate a human: losing our humanity #ResponisbleAI is about human agency and control, first and foremost","mustread main concern like convincingly impersonate human: losing humanity human agency control, first foremost",0.4814814814814814,188,111,77
2023-03-24 18:00:47+00:00,ChatGPT,fear,0.5901045799255371,"The MSP Dispatch Weekly News Wrap-Up is Here!

https://t.co/iKWoETspPJ

- How to write code with #ChatGPT
- #Windows 11 Snipping tool privacy bug
- #CISA warns on unpatched ICS vulnerability

This news and more on a new episode of MSP Dispatch.

#MSP #ManagedServices",msp dispatch weekly news wrapup here! write code 11 snipping tool privacy bug warns unpatched ics vulnerability news new episode msp dispatch.,0.4871794871794871,267,142,125
2024-05-21 09:18:33.732000+00:00,GenAI,fear,0.4363609850406647,Reduce risks associated with generative AI with #Cisco! Learn strategic approaches to safeguard your operations. Enhance your security posture-check out our latest insights! https://t.co/L6WqvMH3VM #AI #Cybersecurity #RiskManagement,reduce risks associated with generative ai with learn strategic approaches to safeguard your operations. enhance your security posturecheck out our latest insights!,0.7307692307692307,232,164,68
2023-02-09 01:45:29+00:00,ChatGPT,fear,0.9894776940345764,"It‚Äôs going to be fun watching @google fall. Full blown panic mode over #ChatGPT, and growing competitors in the video space who support free speech. Couldn‚Äôt happen to worse people.",its going fun watching fall. full blown panic mode growing competitors video space support free speech. couldnt happen worse people.,0.5806451612903226,181,132,49
2023-03-28 17:22:15+00:00,ChatGPT,fear,0.7607361078262329,"üëÄ #QYZMET

ü§ñ#ChatGPT analyzed #BTC January prices over the past 13 years and predicted that the price could rise to $142,514 in January 2024üíπ.

‚õîHowever, it is worth remembering that the forecasts are speculative and the cryptocurrency market can be very volatile. #DYOR https://t.co/BCoTfktqBj","analyzed january prices past 13 years predicted price could rise 142,514 january 2024. however, worth remembering forecasts speculative cryptocurrency market volatile.",0.4146341463414634,294,167,127
2023-03-07 08:50:00+00:00,ChatGPT,fear,0.8606013059616089,"Calm your inner Luddite, hold on to your inner sceptic,‚Äù is one of the messages for educators contemplating ChatGPT and other large language models, from Dr Roze Phillips - Karen MacGregor reports 

#AIandHE #ChatGPT #OpenAI https://t.co/6Lfs0g33kH","calm inner luddite, hold inner sceptic, one messages educators contemplating chatgpt large language models, dr roze phillips karen macgregor reports",0.5142857142857142,248,148,100
2023-01-06 06:18:47+00:00,ChatGPT,fear,0.9825701117515564,"New York banned #ChatGPT in schools. #Regulator considers the service to affect students‚Äô skills negatively, but some teachers, however, equate the preservations against the #AI with Google‚Äôs fear in the past.","new york banned schools. considers service affect students skills negatively, teachers, however, equate preservations googles fear past.",0.5172413793103449,209,136,73
2023-03-29 15:40:02+00:00,ChatGPT,fear,0.8912679553031921,"Europol warns ChatGPT is being used to commit crime 

create new website @ $60 only
üëâ https://t.co/6p4EfRZD6V

#Europol | #ChatGPT | #Commit | #Crime 

https://t.co/hbkRnQfXrg",europol warns chatgpt used commit crime create new website 60,0.375,175,61,114
2023-03-14 21:34:09+00:00,ChatGPT,fear,0.734723687171936,"Fascinating #ChatGPT experiment by @mikeloukides that helps us understand when, and more importantly, why ChatGPT is likely to be wrong.

https://t.co/sqXFlPZdsx","fascinating experiment helps us understand when, importantly, chatgpt likely wrong.",0.4761904761904761,161,83,78
2023-03-28 06:29:01+00:00,ChatGPT,fear,0.8232071995735168,"‚ÄòGrim‚Äô Criminal Abuse of ChatGPT is Coming, Europol Warns https://t.co/16NPDQbaSy #cybersecurity #security #infosec #ChatGPT #AI via @SecurityWeek","grim criminal abuse chatgpt coming, europol warns via",0.3888888888888889,146,53,93
2022-12-04 15:35:06+00:00,ChatGPT,anger,0.577070415019989,"For most of analytical questions #ChatGPT gives wrong answers.

#cprogram #OpenAI @sama https://t.co/QNBWR4BAgq",analytical questions gives wrong answers.,0.3846153846153846,111,41,70
2023-02-04 12:15:26+00:00,ChatGPT,anger,0.3062762916088104,"#Ukraine war explained by #ChatGPT 

The Ukrainian conflict, sometimes referred to as the War in Donbass, has its roots in the events surrounding the 2014 Ukrainian revolution and the ousting of former President Yanukovych. 

#UkraineRussiaWar
#UkraineWar
#Russia","war explained ukrainian conflict, sometimes referred war donbass, roots events surrounding 2014 ukrainian revolution ousting former president yanukovych.",0.5333333333333333,263,153,110
2022-12-27 20:31:40+00:00,ChatGPT,anger,0.4753241539001465,I successfully broke #chatGPT üòÅ https://t.co/g3g1JtceWR,successfully broke,0.3333333333333333,55,18,37
2023-02-11 16:52:26+00:00,ChatGPT,anger,0.9302290081977844,"#ChatGPT files (5 of 6)

Now when I have had this detailed discussion and schooling, I again asked ‚ÄúDid #donaldtrump incite the riot? Now the information is more accurate and neutral! 

#WokeMindVirus https://t.co/YJ6hMFFsaQ","files 5 6 detailed discussion schooling, asked did incite riot? information accurate neutral!",0.3125,224,93,131
2022-12-31 14:13:17+00:00,ChatGPT,anger,0.5813397765159607,"(1/2)The problem is not so much that the AI gives these responses. The problem is that people ask these questions. It should be noted that with this type of AI, we can either keep it deliberately stupid or let it reach its full potential. 
#ChatGPT @elonmusk @sama","12the problem much ai gives responses. problem people ask questions. noted type ai, either keep deliberately stupid let reach full potential.",0.475,264,141,123
2023-02-03 18:02:28+00:00,ChatGPT,anger,0.7132875323295593,"#ChatGPT became a judge in a real court case.

Judge Juan Manuel Padilla in Colombia caused a stir when he admitted he used the artificial intelligence tool ChatGPT when deciding whether an autistic child's insurance should cover all the costs of his treatment.

#OpenAI",became judge real court case. judge juan manuel padilla colombia caused stir admitted used artificial intelligence tool chatgpt deciding whether autistic childs insurance cover costs treatment.,0.631578947368421,270,193,77
2023-02-11 21:06:07+00:00,ChatGPT,anger,0.6657044291496277,"#ChatGPT 

Forgive the autocorrect. Like some of my life in Montreal. https://t.co/mQu7RwlUV4",forgive autocorrect. like life montreal.,0.4166666666666667,93,40,53
2023-03-08 12:48:59+00:00,ChatGPT,anger,0.5586504936218262,"@adymitruk Also, to say that #chatgpt is racist is weird.  It doesn't know anything.  More accurate, it can produce racist output since there is probability of finding racist input combinations?","also, say racist weird. know anything. accurate, produce racist output since probability finding racist input combinations?",0.56,194,123,71
2023-03-29 15:24:10+00:00,ChatGPT,anger,0.6026210784912109,There must be an AI tool that can detect corruption cases analyzing the data generated by a goverment (We need to work for transparentation the info). The staft in the public administration believe that can do what they want. cc @freddier @elonmusk @sama  #platzi #OpenAI #ChatGPT,must ai tool detect corruption cases analyzing data generated goverment we need work transparentation info. staft public administration believe want. cc,0.4418604651162791,280,152,128
2023-01-28 19:09:20+00:00,ChatGPT,anger,0.7813302874565125,"Let's Prove Chat GPT Wrong
Must try it by yourself 

#chatgpt #OpenAI @OpenAI https://t.co/70s9bBonS4",lets prove chat gpt wrong must try,0.4,101,34,67
2023-04-07 00:38:48+00:00,ChatGPT,anger,0.8028072714805603,Best idea for use for #chatGPT: turning a 1 paragraph complaint into a 20 page letter of grievance to give to school or government administrators to have to read through,best idea use turning 1 paragraph complaint 20 page letter grievance give school government administrators read,0.64,169,111,58
2023-02-13 20:39:55+00:00,ChatGPT,anger,0.6351920962333679,"None but the primary sources can be trusted!
#BingAI, #chatGPT",none primary sources trusted!,0.4,62,29,33
2023-03-02 13:00:01+00:00,ChatGPT,anger,0.928329586982727,"Microsoft‚Äôs Bing Chat has become the biggest headline grabber recently. Media reports, generated from feedback by actual users, suggest that it has gone ‚Äòawry‚Äô, become ‚Äòunhinged‚Äô, and even ‚Äòbelligerent‚Äô.
https://t.co/yL455EpGlw

#bingchat #chatGPT #AI #sentience #microsoft https://t.co/NpywMPtDHi","microsofts bing chat become biggest headline grabber recently. media reports, generated feedback actual users, suggest gone awry, become unhinged, even belligerent.",0.4210526315789473,297,164,133
2023-02-01 08:21:28+00:00,ChatGPT,anger,0.5802927613258362,The founder of Gmail Paul Buccheit claims that #ChatGPT can ‚Äúkill‚Äù Google in two years.,founder gmail paul buccheit claims kill google two years.,0.5,87,57,30
2022-12-09 08:21:26+00:00,ChatGPT,anger,0.3313117325305938,"Too addicted to #ChatGPT, found myself getting more and more sass from them/they/her/he though üòÖ https://t.co/AjNW9J1ROb",addicted found getting sass themtheyherhe though,0.3125,120,48,72
2023-02-23 07:25:14+00:00,ChatGPT,anger,0.5133475661277771,How hackers are using #ChatGPT to create malware to target you https://t.co/1ooNI9VyLr #FoxNews,hackers using create malware target,0.4166666666666667,95,35,60
2022-12-27 19:12:36+00:00,ChatGPT,anger,0.6466468572616577,Even the conservatives hate #ChatGPT,even conservatives hate,0.6,36,23,13
2023-01-27 01:22:50+00:00,ChatGPT,anger,0.9085610508918762,#ChatGPT is banned from StackOverflow. They are easy to spot. If the response is not insulting you... it's done by an AI.,banned stackoverflow. easy spot. response insulting you done ai.,0.3636363636363636,121,64,57
2023-01-15 06:46:06+00:00,ChatGPT,anger,0.599751353263855,"A new study has discovered that #ChatGPT can write medical research abstracts that can fool scientists 
https://t.co/xDtIE423Ep",new study discovered write medical research abstracts fool scientists,0.6,127,69,58
2023-02-22 17:30:54+00:00,ChatGPT,anger,0.874891459941864,"""AI systems... are not very smart.. the question is... how easily humans can trick them into doing the things they are programmed not to do. 
The answer, in the case of turning ChatGPT into the foulest of bigots, is that it‚Äôs not very difficult."" https://t.co/y41yZTP2yL #ChatGPT","ai systems smart question is easily humans trick things programmed do. answer, case turning chatgpt foulest bigots, its difficult.",0.3414634146341463,279,130,149
2023-02-26 23:04:44+00:00,ChatGPT,disgust,0.5625388026237488,"According to #ChatGPT... #Fauci abuses dogs for research and money gains! 

Like WTF! #ArrestFauci",according abuses dogs research money gains! like wtf!,0.5714285714285714,98,53,45
2023-03-29 17:00:01+00:00,ChatGPT,disgust,0.3013696074485779,"Noun: ovary

A ovary is like a library for eggs!

 #technology #innovation #chatGPT #openai #programming",noun: ovary ovary like library eggs!,0.3846153846153846,104,36,68
2023-02-16 14:53:59+00:00,ChatGPT,disgust,0.7285696268081665,"#ChatGPT #Microsoft #Hacking : ""The fish dies by the mouth""... ü§î",: the fish dies mouth,0.3333333333333333,64,21,43
2022-12-25 16:32:34+00:00,ChatGPT,disgust,0.6483154296875,"#MerryChristmas

#ChatGPT lies, or is ignorant, and neither is good.","lies, ignorant, neither good.",0.4444444444444444,68,29,39
2023-01-25 19:04:10+00:00,ChatGPT,disgust,0.3578160107135772,@helenbeetham #ChatGPT is denying any knowledge of it: https://t.co/ISUkmm8WYj,denying knowledge it:,0.3333333333333333,78,21,57
2023-01-19 20:07:00+00:00,ChatGPT,disgust,0.7904840707778931,"#chatGPT on #tiktok Terms of Service: ""a load of crap""
One use of #ai is asking for a brief layman's summary of stuff we never bother to read but like to click ""accept"". https://t.co/1xXHulM7fU",terms service: a load crap one use asking brief laymans summary stuff never bother read like click accept.,0.4545454545454545,193,106,87
2023-03-05 21:31:22+00:00,ChatGPT,disgust,0.4482167661190033,"The scaly-foot gastropod is the only known animal to construct its shell using iron sulfide!

#ChatGPT",scalyfoot gastropod known animal construct shell using iron sulfide!,0.5,102,68,34
2023-02-07 02:27:46+00:00,ChatGPT,disgust,0.8876098394393921,Someone posted this in one of my telegram groups... made me spit out some coffee.  #chatgpt #ai #clippy #technology https://t.co/G4DXF5rnJ1,someone posted one telegram groups made spit coffee.,0.3333333333333333,139,52,87
2022-12-16 16:12:57+00:00,ChatGPT,disgust,0.4818958044052124,This is exactly how I feel towards #ChatGPT https://t.co/9WcRjloRxX,exactly feel towards,0.3333333333333333,67,20,47
2022-12-17 10:45:48+00:00,ChatGPT,disgust,0.5303561687469482,"@OpenAI @elonmusk @TeslaAIBot @open_ai information is the biggest problem it could have. Worst than not having an original response.

#ChatGPT #chatgpt3 #AI #OpenAI #OpenAiChat_bot",information biggest problem could have. worst original response.,0.3333333333333333,180,64,116
2023-03-18 16:50:21+00:00,ChatGPT,disgust,0.5616840124130249,@againstgrmrs Even #chatgpt thinks @thejeffreymarsh is sketchy as fuck https://t.co/K3Rzo15ZEh,even thinks sketchy fuck,0.4,94,24,70
2023-03-30 23:04:09+00:00,ChatGPT,disgust,0.7972361445426941,That‚Äôs weird they haven‚Äôt done it in a first place. #ChatGPT,thats weird havent done first place.,0.3076923076923077,60,36,24
2023-01-23 18:52:18+00:00,ChatGPT,disgust,0.6300327777862549,"What's the weirdest thing you've asked ChatGPT?
#ChatGPT",whats weirdest thing asked chatgpt?,0.4444444444444444,56,35,21
2023-02-28 20:07:31+00:00,ChatGPT,disgust,0.6212614178657532,"Is using #ChatGPT for writing/editing short stories considered plagiarism?
#WritingCommmunity",using writingediting short stories considered plagiarism?,0.4545454545454545,93,57,36
2023-02-22 14:50:42+00:00,ChatGPT,disgust,0.5061314105987549,"The university expressly prohibits teachers and students from using #ChatGPT for teaching purposes. It also says that it is illegal to use this #AI tool and the punishment will be the same as plagiarism offences.

1/2
https://t.co/fox1DRjFQe",university expressly prohibits teachers students using teaching purposes. also says illegal use tool punishment plagiarism offences. 12,0.4705882352941176,241,135,106
2022-12-03 09:16:04+00:00,ChatGPT,disgust,0.5360392332077026,Weirdly specific #chatGPT https://t.co/nxaklq7PBz,weirdly specific,0.5,49,16,33
2023-03-29 23:21:49+00:00,ChatGPT,disgust,0.756007730960846,"The film's secondary characters, such as the Agents and the inhabitants of the Matrix, wore more drab and utilitarian clothing, reflecting their lack of individuality and their status as enslaved beings. 2/2 #bcm325 #ChatGPT https://t.co/UHgY9Jkr6T","films secondary characters, agents inhabitants matrix, wore drab utilitarian clothing, reflecting lack individuality status enslaved beings. 22",0.5172413793103449,248,143,105
2023-03-01 21:41:28+00:00,ChatGPT,disgust,0.454178899526596,"The longest word in the English language is 'pneumonoultramicroscopicsilicovolcanoconiosis' - a lung disease caused by inhaling very fine ash and sand dust. 

#Openai #ChatGPT",longest word english language pneumonoultramicroscopicsilicovolcanoconiosis lung disease caused inhaling fine ash sand dust.,0.5,175,124,51
2022-12-20 16:56:06+00:00,ChatGPT,disgust,0.9414024949073792,"What‚Äôs accessibility without communication? 

Dehumanizing &amp; degrading

Considering the fact that #ChatGPT would be a more effective communicator than the federal employee operating the handle
#settingstandards #integrity https://t.co/C7roIkc3dm",whats accessibility without communication? dehumanizing amp; degrading considering fact would effective communicator federal employee operating handle,0.5,249,150,99
2023-01-02 12:24:04+00:00,ChatGPT,disgust,0.3107732236385345,"Uhoh - in the style of Donald Trump is now classified as offensive, inappropriate or harmful ? #ChatGPT #openai #censorship https://t.co/2cNL39BYUA","uhoh style donald trump classified offensive, inappropriate harmful ?",0.4285714285714285,147,69,78
